2-4_2050_area_ratio,2-4_2050_bearing_err,2-4_2050_change_err,2-4_2050_class_agree,2-4_2050_commission,2-4_2050_fast_disp_area_ratio,2-4_2050_fast_disp_sorensen,2-4_2050_gain_sorensen,2-4_2050_loss_sorensen,2-4_2050_none_disp_area_ratio,2-4_2050_none_disp_sorensen,2-4_2050_novel_err,2-4_2050_novel_share,2-4_2050_omission,2-4_2050_other_err,2-4_2050_pred_change,2-4_2050_pred_shift,2-4_2050_sens,2-4_2050_shift_err_km,2-4_2050_slow_disp_area_ratio,2-4_2050_slow_disp_sorensen,2-4_2050_sorensen,2-4_2050_spec,2-4_2050_true_change,2-4_2050_true_shift,2-4_2050_tss,2-4_2050_unlimited_disp_area_ratio,2-4_2050_unlimited_disp_sorensen,5-8_2100_area_ratio,5-8_2100_bearing_err,5-8_2100_change_err,5-8_2100_class_agree,5-8_2100_commission,5-8_2100_fast_disp_area_ratio,5-8_2100_fast_disp_sorensen,5-8_2100_gain_sorensen,5-8_2100_loss_sorensen,5-8_2100_none_disp_area_ratio,5-8_2100_none_disp_sorensen,5-8_2100_novel_err,5-8_2100_novel_share,5-8_2100_omission,5-8_2100_other_err,5-8_2100_pred_change,5-8_2100_pred_shift,5-8_2100_sens,5-8_2100_shift_err_km,5-8_2100_slow_disp_area_ratio,5-8_2100_slow_disp_sorensen,5-8_2100_sorensen,5-8_2100_spec,5-8_2100_true_change,5-8_2100_true_shift,5-8_2100_tss,5-8_2100_unlimited_disp_area_ratio,5-8_2100_unlimited_disp_sorensen,background,bias_power,cv_auc,cv_auc_dom,cv_boyce,cv_folds,cv_tss,domain,exp,grid_km,kept,n,n_bg,n_rec,n_req,now_area_ratio,now_auc_truth,now_commission,now_omission,now_rank_r,now_sens,now_sorensen,now_spec,now_tss,predictors,secs,seed,species,thr,thr_maxtss_change_err,thr_maxtss_fut_sorensen,thr_maxtss_now_area_ratio,thr_maxtss_now_tss,thr_minpres_change_err,thr_minpres_fut_sorensen,thr_minpres_now_area_ratio,thr_minpres_now_tss,thr_p05_change_err,thr_p05_fut_sorensen,thr_p05_now_area_ratio,thr_p05_now_tss,thr_p10_change_err,thr_p10_fut_sorensen,thr_p10_now_area_ratio,thr_p10_now_tss
0.9155169316202854,11.51023423675963,-0.08250320460709837,0.8564201212380484,0.051147345604542746,0.9170422023428576,0.9027652166848316,0.1521270213656067,0.17939894247772062,0.8774506935035852,0.8897753540882494,0.0,0.010426444767328423,0.1356304139842573,0.08632386643623026,-2.0731188741853535,583.268282551949,0.8643695860157427,355.71144387397027,0.8944646059546816,0.8986640055306359,0.9024922429525017,0.9568916489130899,-1.990615669578255,371.1220591793106,0.8212612349288326,0.9155169316202854,0.9024922429525017,0.9248493371968136,6.456108168506432,0.8583510105783958,0.8553378573261682,0.031142100106619403,0.9314263668240537,0.9301757994696251,0.6365467739628143,0.5230456797741482,0.8929584089784599,0.9058806144524046,0.0,0.1383224227536515,0.1062927629098058,0.06837644686408544,-7.272802193931227,1386.434293250476,0.8937072370901942,67.48498875660503,0.9280324823264728,0.9256686457545275,0.9285996777199333,0.9766310729679116,-8.131153204509623,1260.9401742000302,0.8703383100581057,0.9248493371968137,0.9285996777199333,target,1.0,0.7793473644889855,0.8220731047104856,0.8796534166655923,5,0.3837918463259966,world,E7,45.73432891972939,"gam,maxent,gbm,rf",100,10000,100,100,0.916288252833239,0.9825660553545275,0.05760312372901286,0.1413148708957739,0.9454274961389305,0.8586851291042261,0.8961962041302055,0.9496017575462867,0.8082868866505128,"mat,lpann",32.2,0,broad,0.573318125,10.600316710445846,0.8744271906265069,0.7055995474201742,0.6793041878610109,1.768765286587393,0.7318395628842782,1.7001069851441841,0.38746096918588835,0.8583510105783958,0.9285996777199333,0.916288252833239,0.8082868866505128,8.439872076978217,0.8856541520449462,0.7420784197235695,0.7050843140937588
0.9829354847051169,9.112047739387208,0.0024616121545140146,0.9317383567613908,0.030742297147677806,0.9841692006584682,0.96093921909891,0.3934133251516745,0.46826944662628595,0.9759396101911264,0.9575329363886368,0.0,0.008981284689748313,0.047806812442560916,0.03625043426007538,-1.988154057423741,439.17350312992886,0.9521931875574391,64.7831376551906,0.984699091395178,0.9611641731849335,0.9603874608144803,0.9740895695955234,-1.990615669578255,371.1220591793106,0.9262827571529626,0.9829354847051168,0.9603874608144803,0.9853627146779849,0.7504926609408358,0.229171124695716,0.9351333264898012,0.02514090363770487,0.9912104281496383,0.9699703286721857,0.7602278455465155,0.8242122608355745,0.97234873269227,0.9592601764908749,0.0,0.13146462949078788,0.03977818895972013,0.03204345514099306,-7.901982079813907,1316.2625575244037,0.9602218110402799,57.43875336697825,0.9925715842847153,0.9703594466837211,0.9673011424474371,0.9811343505858999,-8.131153204509623,1260.9401742000302,0.9413561616261799,0.9853627146779846,0.9673011424474371,target,1.0,0.7333985624048845,0.7779976857818343,0.8260872416215281,5,0.38008864796072944,world,E7,45.73432891972939,"gam,maxent,gbm,rf",500,10000,496,500,0.9829107978326985,0.9934798282947316,0.03258286348200533,0.04967206564930682,0.9359611360053709,0.9503279343506932,0.9585180890531153,0.9714925346526778,0.9218204690033711,"mat,lpann",34.7,0,broad,0.53523125,4.6998436760584354,0.9548205044707944,0.8847973655573127,0.8701491436534892,10.336183882300986,0.6039998631716886,2.077517125767101,0.05725651949171939,0.229171124695716,0.9673011424474371,0.9829107978326985,0.9218204690033711,6.106809977365691,0.9476144516410046,0.85517551824232,0.8474017347907292
1.1430697840442525,5.197256832719518,-1.7299349273139364,0.8566176667572909,0.1646522515064973,1.1446449807908603,0.9134762309551206,0.35433463198514215,0.27248627305974804,1.1187867857680815,0.9168820886181204,0.0,0.014335586403847984,0.02158246746224471,0.08641425182881261,-3.7205505968921915,548.696102326287,0.9784175325377552,604.4138415956605,1.1227638055473959,0.9190005306283673,0.9130990878807069,0.8612266779185136,-1.990615669578255,371.1220591793106,0.8396442104562687,1.1430697840442527,0.9130990878807069,1.1245572479826833,0.5384847349322399,-3.083146195040065,0.8574146766680417,0.13730115597331352,1.1244695426964386,0.9289945696190575,0.7624456024861465,0.6014251472102827,1.1268586769262436,0.9095781290849649,0.0,0.15300592292236193,0.012743907990630361,0.07594439850089879,-11.214299399549688,1762.5529796421438,0.9872560920093697,293.0363657671755,1.127659170938203,0.9211925145284974,0.9293758433168062,0.8969696749937635,-8.131153204509623,1260.9401742000302,0.8842257670031333,1.1245572479826833,0.9293758433168062,target,1.0,0.7384625958465045,0.7700742713614882,0.7881961004265636,5,0.2714586021342428,world,E7,45.73432891972939,"gam,maxent,gbm,rf",100,10000,100,100,1.1636082931033989,0.9846874613474708,0.19205975799507125,0.02845146489167228,0.9253491845551026,0.9715485351083277,0.898081725980792,0.8319626849652622,0.8035112200735899,"mat,lpann",32.7,1,broad,0.47222625,-0.5321872565966395,0.9511757509175177,1.0157035492166178,0.8536957474803546,0.9354195928530933,0.6527808986345218,2.0430129372472825,0.08744499445830534,-3.083146195040065,0.9293758433168062,1.1636082931033989,0.8035112200735899,-0.23858581711153626,0.9503334412217141,0.9931956646547871,0.8550696359039649
0.9146041350312526,10.567563665055786,-0.19289612976771675,0.9266880554581831,0.0016807568145095347,0.9156347257263028,0.9542378987569875,0.5518116075753543,0.29758302760595284,0.9056397744533256,0.9490582292328188,0.0,0.010322488332944767,0.08707662178325694,0.04101706382386751,-2.183511799345972,463.84379584319635,0.9129233782167431,255.18686566778143,0.9103645610971401,0.9512011887896697,0.9536419163764537,0.9985834131958324,-1.990615669578255,371.1220591793106,0.9115067914125756,0.9146041350312526,0.9536419163764537,0.9464656256347803,5.396051344323553,3.013267909998918,0.9349950755071219,0.0026982306412689514,0.9476885985725152,0.970337534968638,0.8593619961398683,0.7439195150543952,0.9222905166379861,0.957518864835945,0.0,0.13813657184680211,0.056232605006488565,0.02931288432042443,-5.117885294510705,1149.0056589693263,0.9437673949935115,51.4531136325939,0.9390261319028042,0.9662015079885468,0.969724183735051,0.9979752568145474,-8.131153204509623,1260.9401742000302,0.9417426518080587,0.9464656256347803,0.969724183735051,target,1.0,0.6603038942317049,0.7098849045147021,0.9489653394556532,5,0.2446201680756428,world,E7,45.73432891972939,"gam,maxent,gbm",500,10000,498,500,0.9164077532265326,0.9988782766510611,0.0016039984138931458,0.08519624518736056,0.983439379392141,0.9148037548126394,0.9547067979373838,0.9985966264374991,0.9134003812501386,"mat,lpann",30.6,1,broad,0.5642041666666666,1.248590010849382,0.983623844339442,0.9696685397545222,0.9529985003075216,-3.0702067920065232,0.9107995496429326,1.2372200672379734,0.792450935130034,3.013267909998918,0.969724183735051,0.9164077532265326,0.9134003812501386,6.528343018813555,0.9268230875309372,0.8063267952566984,0.8063267952566984
1.078432309573585,11.007869936537134,-0.6644528968644647,0.8940869096350507,0.11366269857698676,1.0793044356264345,0.9287832394970486,0.5785419356664755,0.22547114199998206,1.0816926744809856,0.9230360431192578,0.0,0.0067297948865881335,0.035230389003401516,0.06855844064551958,-2.65506856644272,464.131403647335,0.9647696109965984,263.71306781510106,1.0815471771137177,0.9247750351352896,0.9283627920454454,0.904202037117891,-1.990615669578255,371.1220591793106,0.8689716481144893,1.078432309573585,0.9283627920454454,1.0830806900766674,2.1057575238672257,-0.2295243345270528,0.8888676396684526,0.10503489749506649,1.0955280941748566,0.9331715473509118,0.78341852926173,0.655291634886166,1.093992056148951,0.9249927899344509,0.0,0.12191664824043418,0.02195420741839916,0.061999063008456964,-8.360677539036676,1310.7543217009952,0.9780457925816008,159.64341295606704,1.08670270779824,0.9340189400859615,0.9390378368354075,0.9211821666817079,-8.131153204509623,1260.9401742000302,0.8992279592633088,1.0830806900766674,0.9390378368354075,target,1.0,0.7360562980717785,0.7630220762327686,0.8369709757449332,5,0.284743691810843,world,E7,45.73432891972939,"gam,maxent,gbm",100,10000,100,100,1.085793427010475,0.9876050899063642,0.12187411234416995,0.03608068533369518,0.9368788260574064,0.9639193146663049,0.9242711211798866,0.8933696531520056,0.8572889678183104,"mat,lpann",16.1,2,broad,0.47371916666666675,6.102302755925981,0.9417550248769161,0.89522942257784,0.8166180242382755,3.8238520093756723,0.6246135423037338,2.1139894210346557,0.02534610455684616,-0.2295243345270528,0.9390378368354075,1.085793427010475,0.8572889678183104,6.802758897023953,0.9395566274153613,0.8800944261115399,0.8089824157490053
0.9930493678686084,7.256734776505709,0.3428741831400517,0.9603446271302635,0.019931707535758066,0.9932491710141613,0.9767494010786326,0.7417717329115197,0.6010264113463171,0.9856053296653129,0.9753794373354461,0.0,0.006914002284367174,0.02688233966714971,0.02155972085810651,-1.6477414864382034,387.44729321661504,0.9731176603328503,65.64588323328068,0.9901678124491459,0.9752428264916922,0.9765113459015964,0.9832010237079292,-1.990615669578255,371.1220591793106,0.9563186840407796,0.9930493678686083,0.9765113459015964,1.0014399292038119,0.815413092382073,1.100334236756085,0.9636952957975427,0.019318967093689635,0.9998874433724917,0.9813670873654996,0.9098134982553164,0.8671762577940922,0.9877155491585277,0.9770121321325765,0.0,0.12228107477616187,0.01787903788987782,0.01816847989898815,-7.030818967753538,1265.6047544589844,0.9821209621101222,27.230401858128136,0.9980005151977573,0.979665339399333,0.9814143784978023,0.9855031121599989,-8.131153204509623,1260.9401742000302,0.967624074270121,1.0014399292038119,0.9814143784978023,target,1.0,0.7593873975869514,0.7941623040319127,0.9621045433690923,5,0.4255107590038333,world,E7,45.73432891972939,"gam,maxent,gbm,rf",500,10000,500,500,0.9895874139087129,0.9980581222997097,0.017729193782338795,0.028141779873626052,0.9722711265300935,0.971858220126374,0.9769444793753257,0.9844883376298369,0.9563465577562109,"mat,lpann",22.6,2,broad,0.5396881250000001,0.7058663735730395,0.9807513095631466,1.0137229121840245,0.9575845764033275,-4.213553436412109,0.7852435863205384,1.6213430719105022,0.45637325273545226,1.100334236756085,0.9814143784978023,0.9895874139087129,0.9563465577562109,3.0111957521084207,0.9638033425611796,0.9068881097349155,0.9018113918272537
3.5035278976078548,0.12068811298780702,-5.920096415360865,0.847242018201223,2.5042195630317288,3.6082071490629533,0.43382502140351414,0.31053607157994384,0.0,3.9449743331162614,0.4044510376132983,0.0,0.00911591125846426,0.0006916654238742339,0.11865134709732919,4.953470645568414,534.2282459533708,0.9993083345761258,1252.719505333049,3.815492273104603,0.4153261777970993,0.4437891170195392,0.8766743579871922,10.873567060929279,301.0153434906657,0.8759826925633178,3.503527897607854,0.4437891170195392,2.8777048324272,8.022662966789653,-33.376847985619996,0.8010629843512983,1.8779339035120741,3.4883019170411114,0.44560282195064294,0.5322174498615159,0.1319355862360365,5.344072960389823,0.31525488633048543,0.0,0.1316743262506473,0.00022907108487396806,0.13736394111087893,16.64238524419106,1379.3374582891465,0.999770928915126,750.8591468187319,4.160329304420175,0.3875721648784823,0.5156508667470351,0.8726503042535085,50.01923322981106,1302.5484175203449,0.8724212331686345,2.8777048324272,0.5156508667470351,target,1.0,0.8220254031092946,0.8856386752909262,0.494143796480152,5,0.5459005759371547,world,E7,45.73432891972939,"gam,maxent,gbm,rf",100,10000,99,100,3.70115092827245,0.9989389149493532,2.7011509282724506,0.0,0.7741347104516231,1.0,0.42542773684888846,0.8805986255845307,0.8805986255845308,"mat,lpann",16.0,0,narrow,0.84557375,-15.576013412683224,0.84654122578483,1.49420741176495,0.9670887299343283,-59.95548267192325,0.14380187514496173,21.50090267426527,0.09378038433765634,-33.376847985619996,0.5156508667470351,3.70115092827245,0.8805986255845308,-6.320955236352923,0.92520921269181,1.1632786923946636,0.9648354259535572
1.506508819618151,13.643048760436443,-4.211979466488303,0.9588202556084955,0.5110208944380439,1.5156881924777055,0.791208225069119,0.36424194348460737,0.4799309202945568,1.5957763318520917,0.766884501240777,0.0,0.008981284689748313,0.004512074819892973,0.02441618330444775,6.661587594440976,450.68320588405646,0.9954879251801071,571.6054734461658,1.567122645309107,0.7754534874997839,0.794322299916553,0.9748336843865905,10.873567060929279,301.0153434906657,0.9703216095666976,1.5065088196181506,0.794322299916553,1.4876900887962698,14.648944298344873,-7.501877401281142,0.9462603102081261,0.491503632045208,1.5675941776194298,0.7769169885954839,0.6978798513305254,0.7255787525935452,2.0659943414188597,0.6513134255646658,0.0,0.13146462949078788,0.003813543248938237,0.03621745990072992,42.517355828529915,1484.1751284879638,0.9961864567510618,345.12186752585734,1.760974958960269,0.7214668073596677,0.8008927327704964,0.9666693072199224,50.01923322981106,1302.5484175203449,0.962855763970984,1.4876900887962696,0.8008927327704964,target,1.0,0.9157069754082536,0.930191793059308,0.3780278406262002,5,0.8014698264692879,world,E7,45.73432891972939,"gam,maxent,gbm,rf",500,10000,491,500,1.565999629359725,0.9993248337156588,0.5711296654421723,0.0051300360824471135,0.8621366988003648,0.9948699639175529,0.7754248695396697,0.974753847958116,0.9696238118756688,"mat,lpann",18.3,0,narrow,0.89334375,-3.293343765145785,0.9546769277779891,1.0935031532880164,0.9804422863372286,-51.271211806845876,0.12780709540552473,22.254311811058624,0.06047677087099501,-7.501877401281142,0.8008927327704964,1.565999629359725,0.9696238118756688,-1.5188380036449445,0.9491322165518238,0.980198548254665,0.9218734259107193
1.7415352070455496,0.2569244282004206,-4.565879613964063,0.9440166439979366,0.7415352070455498,1.7942300343773547,0.715760683764057,0.5174947256219213,0.10628743854353533,1.821643510301978,0.7088067619803454,0.0,0.014335586403847984,0.0,0.03531066421449252,6.3076874469652155,414.8258513157832,1.0,1018.3288687102639,1.8262642596960605,0.7076479112448891,0.7295182621985459,0.9634815146267451,10.873567060929279,301.0153434906657,0.963481514626745,1.7415352070455494,0.7295182621985459,1.6142122869718432,16.647768787463633,-16.69411350528769,0.931195789885412,0.614212286971843,1.7996050121892098,0.7143864906985784,0.7466223308476809,0.5159995359371568,2.319263251126206,0.6025433503418002,0.0,0.15300592292236193,0.0,0.046053244966807586,33.32511972452337,1359.9525451419559,1.0,378.2036620425004,2.1221488251863647,0.6405844538434575,0.7650488102925596,0.9583479760798099,50.01923322981106,1302.5484175203449,0.9583479760798099,1.614212286971843,0.7650488102925596,target,1.0,0.8809454205602922,0.8841303496509303,0.28407603760326317,5,0.6655608318787538,world,E7,45.73432891972939,"gam,maxent,gbm,rf",100,10000,97,100,1.8163335616124934,0.9993082053587862,0.8163335616124934,0.0,0.810611795837669,1.0,0.7101431546534916,0.9639148822756285,0.9639148822756285,"mat,lpann",15.8,1,narrow,0.89425,-8.791060463289526,0.8980217570089952,1.2842145673030718,0.9757603402212467,-50.045233783749936,0.11947182347930253,23.619691868168825,0.00012166308636785139,-16.69411350528769,0.7650488102925596,1.8163335616124934,0.9639148822756285,-5.432036914894134,0.9563672188461002,1.0553363765410004,0.9528361951901569
1.037928485793133,8.86934873373724,-0.6129792889189254,0.992511127604652,0.0629660941132801,1.047230771214498,0.9543899897283636,0.8584288781649544,0.8397506452318697,1.0391667004098435,0.9488037496639556,0.0,0.01029981584864753,0.02503760832014708,0.004173500610096472,10.260587772010354,298.8265117964307,0.9749623916798529,104.52424949902064,1.0437421082200682,0.949544254327771,0.9568170801640385,0.9968991001842673,10.873567060929279,301.0153434906657,0.9718614918641202,1.037928485793133,0.9568170801640385,1.0249399838011817,0.7102245495106558,-2.6963434608074053,0.9927990736324304,0.04227543055736459,1.074262266931055,0.9501726430390985,0.9593632072928143,0.9448888290500115,1.0376475641858418,0.9325618627362221,0.0,0.13810004931288958,0.01733544675618304,0.0043922875825248954,47.32288976900365,1269.6439589529252,0.982664553243817,50.912520086023214,1.0490711085148003,0.9544720819464172,0.9705616572390224,0.997133145522873,50.01923322981106,1302.5484175203449,0.9797976987666899,1.0249399838011815,0.9705616572390224,target,1.0,0.927775692930377,0.9352083830074391,0.4683604338247904,5,0.8095917750618336,world,E7,45.73432891972939,"gam,maxent,gbm,rf",500,10000,491,500,1.0436987131973776,0.9998278090700056,0.0633660481988835,0.019667335001505994,0.9121200386235712,0.980332664998494,0.9593710253550617,0.9971989742716589,0.977531639270153,"mat,lpann",17.3,1,narrow,0.9561312499999999,-7.055540442963682,0.9490272408075999,1.1522328185433972,0.9876773964891736,-57.992795947698575,0.14767432123675048,20.447805070992906,0.1403313933569028,-2.6963434608074053,0.9705616572390224,1.0436987131973776,0.977531639270153,-1.6515974527010755,0.9594230793518669,0.945258562904865,0.9344034697660542
1.5759721862807714,13.234033372631359,-4.696830269511243,0.9515816996514507,0.5919801746246744,1.6176711558635806,0.7516389359641481,0.28702307252386094,0.4642160568318693,1.6160092989797787,0.7483200261369705,0.0,0.0067297948865881335,0.01600798834390316,0.028729687644352575,6.176736791418036,356.6878529704043,0.9839920116560968,1018.5902879380635,1.626115692566541,0.7468171170523673,0.7639772020029454,0.9708466716847876,10.873567060929279,301.0153434906657,0.9548386833408844,1.5759721862807712,0.7639772020029454,1.523499740005644,14.570231930775662,-11.138458338849347,0.9401814905670376,0.5320144860102427,1.6569841868560338,0.7443221158176626,0.6638301916409397,0.7391036992331732,1.9854734097943014,0.6507639724739243,0.0,0.12191664824043418,0.008514746004598584,0.0390935898714221,38.88077489096171,1286.9591759665068,0.9914852539954013,531.2178052055369,1.8577028049877735,0.6879023396937124,0.7858017484821962,0.963922115256867,50.01923322981106,1302.5484175203449,0.9554073692522684,1.523499740005644,0.7858017484821962,target,1.0,0.9471508845649685,0.9657189397562936,0.5651645262058336,5,0.777059725819229,world,E7,45.73432891972939,"gam,maxent,gbm,rf",100,10000,100,100,1.645686834631403,0.9986160832174183,0.6572855943216993,0.011598759690296325,0.8089809176366667,0.9884012403097037,0.7471793164419686,0.9709454208855731,0.9593466611952768,"mat,lpann",15.8,2,narrow,0.910604375,-10.368285061960037,0.7737128417463844,1.681119551885202,0.9591353846636272,-49.927718227121765,0.11967909193820295,23.548506498771093,0.003268333217013808,-11.138458338849347,0.7858017484821962,1.645686834631403,0.9593466611952768,-5.065304874839541,0.9257007323521457,1.1452776951743564,0.9599504828138974
1.5529663352588647,15.152079139075965,-1.8451796660652775,0.956974884890099,0.5529663352588648,1.6063265913143991,0.7673635401890974,0.4157132774943702,0.23205911891803913,1.6951787554110427,0.742065807688878,0.0,0.0067297948865881335,0.0,0.02612970294069786,9.028387394864001,513.6134729488374,1.0,484.9611963251705,1.679418600297182,0.7464305875081163,0.7834024179551919,0.9727679915475507,10.873567060929279,301.0153434906657,0.9727679915475507,1.5529663352588645,0.7834024179551919,1.471857050584458,8.957806129725554,-10.201550119278949,0.9469670045214024,0.4718570505844579,1.7213697145934037,0.7349240308198322,0.7253625961121749,0.6460185955037321,2.289569699918339,0.6079822537426851,0.0,0.12191664824043418,0.0,0.03412689808602466,39.81768311053211,1507.7588778722004,1.0,287.87084686515004,2.0367001014113435,0.6586096529816939,0.8091082773282178,0.9680016151178767,50.01923322981106,1302.5484175203449,0.9680016151178767,1.4718570505844577,0.8091082773282178,target,1.0,0.9213804143637487,0.9356348414076668,0.5963117242022522,5,0.8075114668398088,world,E7,45.73432891972939,"gam,maxent,gbm,rf",500,10000,486,500,1.5792484987611615,0.9998091600989755,0.5792484987611614,0.0,0.8889682078987002,1.0,0.7754196623398714,0.9743949639554522,0.9743949639554521,"mat,lpann",18.9,2,narrow,0.9002687500000001,-6.782328352318977,0.9238566734790056,1.2151070906478616,0.9884193653668834,-49.88493778723977,0.11954272630302418,23.567005814697392,0.0024505915187524874,-10.201550119278949,0.8091082773282178,1.5792484987611615,0.9743949639554521,-0.3305535830119055,0.9722201935024166,1.023036546049615,0.9723573359713011
0.951110022823172,6.012146174696397,-0.04559039440614754,0.9541321093888503,0.0010805863542557876,0.9540990894494359,0.9753273123989165,0.4421230824427341,0.028337324987925724,0.9462250184296703,0.9709066890280151,0.0022996899515794617,0.009871726580810614,0.04997056353108365,0.0288299524754096,4.707607484550369,485.42707884841553,0.9500294364689164,296.6862505455125,0.9512719808119856,0.9735518262030377,0.9738348174689448,0.9986269574720036,4.753197878956517,499.39419867786904,0.94865639394092,0.951110022823172,0.9738348174689448,0.9489170087085649,1.1825796547429377,-0.3059771319241058,0.9443337103768076,0.0016612226887520113,0.9611708667690219,0.9715551619333651,0.7000905137505755,0.5381963552387539,0.9495801492758728,0.9725676484063962,0.0006672368017223496,0.09714654280295487,0.05274421398018729,0.03587650266886767,11.36632312082726,1244.9761633173503,0.9472557860198128,374.9769058952548,0.9607704979260948,0.9761918188569138,0.9720842722261475,0.9975435895480367,11.672300252751366,1340.9535356653166,0.9447993755678494,0.9489170087085647,0.9720842722261475,target,1.0,0.7026390166352268,0.7891489164524387,0.8334507895193781,5,0.20872751552741703,world,E7,45.73432891972939,"gam,maxent,gbm,rf",100,10000,100,100,0.9515241425046911,0.9981257992464453,0.0015027701258147114,0.04997862762112342,0.9119902702010052,0.9500213723788765,0.9736199021955915,0.9982765233186234,0.9482978956974999,"tcold,lpann",19.2,0,cold_limited,0.60663,-0.3500406672733103,0.9797409301955129,0.9720386340524333,0.9634853719828782,-4.067666440768902,0.7995507809352019,1.5581606401299477,0.35986427251827324,-0.3059771319241058,0.9720842722261475,0.9515241425046911,0.9482978956974999,0.7071824575928041,0.9563181902513078,0.9113531432273796,0.9099205751724602
0.9724910671932951,1.5072093799238928,-0.09732607750567723,0.9695581292712254,0.0015816668366504328,0.9750153991054139,0.9858750413007362,0.5373099869601254,0.4636162135119902,0.9692174923254879,0.9827225221362804,0.011495643932446295,0.009871726580810614,0.02909059964335531,0.017220613215898396,4.655871801450839,473.8055716751879,0.9709094003566447,243.3910563469007,0.9737641328213397,0.9850543184513089,0.9844499845955449,0.9979902616544345,4.753197878956517,499.39419867786904,0.9688996620110792,0.9724910671932949,0.9844499845955449,0.9674999579933916,2.148367346024031,-0.676357085356738,0.9630322587832265,0.0019396213751117454,0.9697608642640855,0.9826484545466768,0.7727585194239668,0.7763816049602875,0.9718695892778672,0.9837719889651156,0.014824891336097285,0.09714654280295487,0.03443966338172021,0.02244239840908862,10.995943167394628,1322.2132711540767,0.9655603366182798,225.36053691040556,0.9745028432120691,0.9855565722978721,0.9815098929943895,0.9971319280365383,11.672300252751366,1340.9535356653166,0.9626922646548182,0.9674999579933916,0.9815098929943895,target,1.0,0.5813888044464929,0.622538712844021,0.8202154696826556,5,0.1006219781666234,world,E7,45.73432891972939,"gam,maxent,gbm,rf",500,10000,499,500,0.9733954478013778,0.9996527097080873,0.0016854856884528546,0.028290037887075046,0.8951906010896561,0.9717099621129249,0.9848101790196562,0.9980669729648322,0.969776935077757,"tcold,lpann",22.2,0,cold_limited,0.5868825,-0.7963982039140625,0.9759418229809275,0.9608042523792443,0.9587928780732005,-6.941573503477083,0.7682242141033927,1.70968072483546,0.18609096663186286,-0.676357085356738,0.9815098929943895,0.9733954478013778,0.969776935077757,-1.3218710499842459,0.9603393903694848,0.9349718632875299,0.9346380119769424
0.9394634624115518,7.307020494658332,-0.2426627225982747,0.9371249263940177,0.003476227638769603,0.9425810640621118,0.9670960927047126,0.3854704566923594,0.07573694624508033,0.9190111533297637,0.9568528795667754,0.015612027027324728,0.013320950635565106,0.06401276522721785,0.03806571954086834,4.510535156358242,471.0085860023428,0.9359872347727822,475.251585754926,0.9334446548714815,0.9646215765286535,0.9652022354769856,0.9955829459013348,4.753197878956517,499.39419867786904,0.931570180674117,0.9394634624115518,0.9652022354769856,0.9326710600623254,3.9737902428943244,-1.0642210138271935,0.9266573290813185,0.002088728793572926,0.9389065393587813,0.9662781379452298,0.6224274682330425,0.4341952145168922,0.928607454819881,0.9615064370252322,0.018856948947128208,0.10181628053408168,0.06941766873124762,0.04535578669227726,10.608079238924173,1270.8546158517936,0.9305823312687524,502.8470107159178,0.9499572232610098,0.9721805188754234,0.9630012582055661,0.9969114464456876,11.672300252751366,1340.9535356653166,0.9274937777144401,0.9326710600623253,0.9630012582055661,target,1.0,0.7092721000140456,0.8015369512578909,0.8501116472017272,5,0.26698554893583043,world,E7,45.73432891972939,"gam,maxent,gbm,rf",100,10000,100,100,0.9416448000272222,0.9968628596272221,0.004638047255045977,0.06299324722782385,0.9047361335673513,0.9370067527721762,0.9651680397558187,0.9946807790799934,0.9316875318521696,"tcold,lpann",19.3,1,cold_limited,0.611860625,-0.8652441134083144,0.969351969262605,0.9541682210164542,0.9410321347916222,-11.672300252751366,0.7473057996448279,1.8719410840037527,0.0,-1.0642210138271935,0.9630012582055661,0.9416448000272222,0.9316875318521696,-3.4621170879928,0.9189485394086884,0.8781902179551351,0.8759620595980846
0.9501194954792176,4.375304205407588,-0.04132610939708847,0.9530061988553835,7.763282800353267e-05,0.9521944842519595,0.9754318690307429,0.4499170557013014,0.10153793904063431,0.9391589041286761,0.9686250076041799,0.00678215922347859,0.013385109425707788,0.04995813734878605,0.028287703953337722,4.711871769559428,497.25781367777444,0.950041862651214,308.8777138323366,0.9454092556844186,0.9719020991246384,0.9743422029815185,0.9999013561720471,4.753197878956517,499.39419867786904,0.949943218823261,0.9501194954792174,0.9743422029815185,0.9451523104425404,5.754105775514859,-0.6276435591337393,0.9446269809871,0.0,0.9474812304015462,0.9730324643038408,0.707063894996829,0.5996278315128413,0.9405820664371322,0.9693541414893799,0.009831652162630112,0.10181628053408168,0.05484768955745957,0.03531443639367865,11.044656693617627,1350.3897084476828,0.9451523104425404,282.90011323499283,0.9534110469220646,0.9761499490077399,0.9718028818293508,1.0,11.672300252751366,1340.9535356653166,0.9451523104425403,0.9451523104425403,0.9718028818293508,target,1.0,0.6325088956967555,0.6839745584280774,0.7773617612013253,5,0.1591111803052454,world,E7,45.73432891972939,"gam,maxent,gbm,rf",500,10000,498,500,0.9504944743765186,0.999948479729711,6.693877489840063e-05,0.049572464398379854,0.8916577284225302,0.9504275356016202,0.9745503492445702,0.9999232301629933,0.9503507657646135,"tcold,lpann",22.7,1,cold_limited,0.62281125,0.03738873075607074,0.9954982689652853,0.9980140898145139,0.9916520185695452,-9.078855906051665,0.7566914860935696,1.7884875095960084,0.0957101069541817,-0.6276435591337393,0.9718028818293508,0.9504944743765186,0.9503507657646135,-1.9791360258525579,0.9336935097431796,0.8914319278568286,0.8914319278568286
0.9661951648361145,0.3212082862455645,-0.2898815374497321,0.9653390167829112,0.002378754523919713,0.9701308487363428,0.9814246038619212,0.48069386756285415,0.13297376408534894,0.9673433770582328,0.9824595975360587,0.012743051777835069,0.006425940927406561,0.03618358968780525,0.021636507855612275,4.4633163415067845,493.7043337826671,0.9638164103121947,261.44875849020036,0.9701815244854622,0.9830607271969038,0.9803873262932478,0.9969774455209968,4.753197878956517,499.39419867786904,0.9607938558331914,0.9661951648361145,0.9803873262932478,0.959928807991693,4.657490924524836,-1.031286443556656,0.9577943512997218,0.0016450011876783088,0.9669884560848899,0.9788413062723382,0.7623202645106947,0.6578969059276799,0.96372819707309,0.9803127059679623,0.019113991526312497,0.09244106059284143,0.04171619319598536,0.026555395080351485,10.64101380919471,1286.4519217057123,0.9582838068040147,297.023767578144,0.9741768010709905,0.9784505663388388,0.9778761380480471,0.9975675758955949,11.672300252751366,1340.9535356653166,0.9558513826996096,0.9599288079916928,0.9778761380480471,target,1.0,0.6730733879717283,0.7743637324377878,0.8654953963500442,5,0.14564188484120608,world,E7,45.73432891972939,"gam,maxent,gbm",100,10000,100,100,0.9688763178922127,0.9990389454806302,0.001396561286068714,0.03252024339385597,0.9256158702474279,0.9674797566061442,0.982773521946653,0.9983983306765911,0.9658780872827353,"tcold,lpann",16.4,2,cold_limited,0.5882625,-1.1156691233979554,0.9771866651518654,0.9675601176187703,0.9651773000603328,-6.619501105561776,0.7568714881539673,1.745949649491071,0.1444953527526862,-1.031286443556656,0.9778761380480471,0.9688763178922127,0.9658780872827353,-2.950164725119798,0.9515602041344079,0.9323975530173063,0.9322144856897772
0.9543168650721761,0.3862060913115215,-0.530359452948459,0.9626631922741545,0.001615005433236391,0.9553639816924244,0.9757132740890747,0.6808220631112474,0.04656600379600305,0.9502551341992344,0.9743023527757856,0.029849904861459584,0.005558557465658118,0.04729814036106018,0.02735778041174772,4.222838426008058,480.1470733390312,0.9527018596389397,239.919189825624,0.9526856558371501,0.9751613024786134,0.9749717424699753,0.9979479001062288,4.753197878956517,499.39419867786904,0.9506497597451684,0.9543168650721761,0.9749717424699753,0.9555424283927846,0.20305686495748887,-0.4227035327303952,0.9565669547008857,0.0015729583521946501,0.9657527360037591,0.9707977596209753,0.8807535991502887,0.24970628469780964,0.948120688337686,0.9730052897212506,0.02229917411869425,0.09104474897743826,0.04603052995941009,0.029009193852455265,11.249596720020971,1318.6215136737687,0.95396947004059,237.36946904549487,0.9561030114617595,0.9751579433204426,0.9756571437057856,0.9976741039217706,11.672300252751366,1340.9535356653166,0.9516435739623605,0.9555424283927846,0.9756571437057856,target,1.0,0.5592577010856016,0.6098470756019332,0.8510343625307989,5,0.02341542058859054,world,E7,45.73432891972939,"gam,maxent,gbm,rf",500,10000,499,500,0.9591731036676976,0.9996221676271462,0.0014250078714565957,0.042251904203759016,0.8841132292502151,0.957748095796241,0.9777064558545391,0.9983657062413973,0.9561138020376383,"tcold,lpann",23.7,2,cold_limited,0.6010337499999999,0.5208862979247506,0.9818328990621326,1.029460247723792,0.9630456555166367,-7.2081205154480354,0.789762138077231,1.6381455620282162,0.2681322468509013,-0.4227035327303952,0.9756571437057856,0.9591731036676976,0.9561138020376383,1.870120996750412,0.9464089972235126,0.8834747013897355,0.8833122193073113
1.0142015781716025,2.9039085794126436,0.40859326180749944,0.9544735461524827,0.04190584811026323,1.0160091449355726,0.9653531944543118,0.6520198323792951,0.5124139431173224,1.0012993681744011,0.9617260563902227,0.006580835210072547,0.009987480061745374,0.02770426993866067,0.026329546918895448,-1.0844840227681396,579.4680479844114,0.9722957300613394,231.46769069957563,1.0116312567368764,0.9634028447884446,0.9654403418191575,0.9748125201074567,-1.493077284575639,558.6924853365184,0.947108250168796,1.0142015781716025,0.9654403418191575,1.032481261052058,0.8884797887279774,1.8703043373336286,0.9496016767016706,0.060081356141342454,1.0325448396617254,0.9568831785553672,0.8121524879558856,0.847575227209065,1.0354646819805962,0.9581524507284884,0.029962276176745895,0.09816610626951328,0.027600095089284477,0.027889664738384053,-14.05724805257157,1756.3253210154317,0.9723999049107155,193.87247947604698,1.043769619060105,0.9563479170833243,0.9568598968606279,0.9716744344219204,-15.927552389905198,1701.2045695305183,0.9440743393326358,1.032481261052058,0.9568598968606279,target,1.0,0.8159577401917442,0.8276690745314745,0.8871371214868791,5,0.5261125066066967,world,E7,45.73432891972939,"gam,maxent,gbm,rf",100,10000,100,100,1.0100121855686177,0.9967941110018396,0.036396083440120505,0.02638389787150287,0.964468314630905,0.9736161021284971,0.9687663678049478,0.9775884133961806,0.9512045155246778,"wbal,tcold",17.8,0,drought_limited,0.5847593749999999,-12.944832210244549,0.832766893468319,0.8438647243090843,0.8429241365924809,4.275035319869303,0.735486644407142,1.6360935795023552,0.6083131755480085,1.8703043373336286,0.9568598968606279,1.0100121855686177,0.9512045155246778,-13.353733656115782,0.8243073627559873,0.8339758170052624,0.8331185523085509
1.0382909559793745,0.9922519450287268,0.3825972885528772,0.9566337369181971,0.052121508735375945,1.0395091535105487,0.9670393886840678,0.701048653608792,0.5205475628339549,1.034462105282857,0.9699601630004422,0.0,0.009987480061745374,0.013830552756001636,0.025008812496270252,-1.1104799960227618,666.232933376179,0.9861694472439984,237.54812591127276,1.0396785751750997,0.9694896126751257,0.9676434508538116,0.9686724046298498,-1.493077284575639,558.6924853365184,0.9548418518738482,1.0382909559793743,0.9676434508538116,1.0641153938395649,0.06934304342809128,2.425711093213046,0.9464896609071084,0.07957212038101497,1.0647328402241392,0.9541886387273946,0.8662958591644948,0.8080878375883888,1.0773871610944508,0.9511832203911229,0.010027280887623615,0.09816610626951328,0.015456726541450045,0.03266997457887659,-13.501841296692152,1860.0199409433824,0.98454327345855,175.37364782287258,1.0843831268382347,0.9526833298149135,0.9539614659112169,0.962485445422755,-15.927552389905198,1701.2045695305183,0.9470287188813051,1.0641153938395647,0.9539614659112169,target,1.0,0.7968673102440558,0.8147781589798297,0.8961170032144544,5,0.4691083341371417,world,E7,45.73432891972939,"gam,maxent,gbm,rf",500,10000,500,500,1.0342738740431823,0.9981349181443006,0.04849655549569251,0.014222681452510396,0.9180686810972019,0.9857773185474896,0.9691687349729629,0.9701373155914754,0.955914634138965,"wbal,tcold",22.1,0,drought_limited,0.5639500000000001,-0.6759272606151825,0.960099149156422,0.9719433928565555,0.9471214418474074,16.24575181916603,0.5006038084478234,2.5101300149223684,0.07010847284870114,2.425711093213046,0.9539614659112169,1.0342738740431823,0.955914634138965,-5.796559757622354,0.9131857808245101,0.904798961292891,0.9034392683521886
1.0455249163865157,3.0735907850516355,1.801995770566145,0.9396271681689173,0.07123952670431077,1.0467724872810558,0.9519945895842746,0.3882529884568825,0.44136845748428977,1.0385854080172383,0.9533390343700986,0.08016851329713952,0.013541836315741077,0.02571461031779509,0.03579663779372645,0.30891848599050586,522.6856754571697,0.9742853896822048,322.82927277778094,1.0444013163815458,0.952180957316872,0.9526018303441747,0.9571815336680974,-1.493077284575639,558.6924853365184,0.9314669233503023,1.0455249163865157,0.9526018303441747,1.1047800941130472,0.19535073737580433,6.389917981055206,0.9264659940642158,0.12345169063157727,1.1038191492009541,0.9320315884710996,0.7692087327297326,0.7561025597312998,1.108529033411633,0.9176916860666826,0.13929929362210802,0.10292186663151498,0.01867159651853015,0.034778841669088754,-9.537634408849993,1381.8563864229964,0.9813284034814699,598.4653717389689,1.1206517791902844,0.9189431525022653,0.9324759448516173,0.9417982684930886,-15.927552389905198,1701.2045695305183,0.9231266719745586,1.104780094113047,0.9324759448516173,target,1.0,0.7953143461791029,0.8007652166744974,0.7280972717725631,5,0.3609708005718154,world,E7,45.73432891972939,"gam,maxent,gbm,rf",100,10000,100,100,1.0267426235875643,0.990696192402269,0.053758202596057396,0.027015579008493086,0.9138904995214578,0.9729844209915068,0.9601460093331576,0.9668973554495396,0.9398817764410463,"wbal,tcold",18.6,1,drought_limited,0.566311875,6.161347345049652,0.934299678981004,1.0248419481217605,0.9405064989679452,15.927552389905198,0.4853073250446507,2.623985132490256,0.0,6.389917981055206,0.9324759448516173,1.0267426235875643,0.9398817764410463,2.3328323796238184,0.9546343639492005,0.9548909745520114,0.9332489539938824
0.980775323685986,1.3551348556120502,0.39196597208068784,0.9733349802454411,0.011893718403395466,0.9807398573879011,0.9782253568460292,0.6731909137054058,0.8175435909421883,0.9803005846700964,0.9781988344887375,0.0013928025144766799,0.010376110587440238,0.031118394717409553,0.016301858493103838,-1.1011113124949512,591.659192674721,0.9688816052825905,181.16522667695878,0.9834221526176051,0.9793676090805208,0.9782852135694196,0.992851289100632,-1.493077284575639,558.6924853365184,0.9617328943832226,0.980775323685986,0.9782852135694196,0.9808914159436924,1.3993649950516556,0.34452125240258624,0.9687956677843002,0.01617131243960987,0.9814175252567765,0.9742805167886809,0.8008010989987644,0.9389514660808611,0.9908389410242103,0.9763869260303761,0.0004604263107172771,0.09864269364582262,0.0352798964959174,0.0182386523854636,-15.583031137502612,1757.2259608353224,0.9647201035040825,156.11233547864333,0.9987244813728208,0.9818263248230966,0.9740262345924621,0.992375978166768,-15.927552389905198,1701.2045695305183,0.9570960816708505,0.9808914159436924,0.9740262345924621,target,1.0,0.6796407661469932,0.6930666113038516,0.8609660471781732,5,0.2647387654326253,world,E7,45.73432891972939,"gam,maxent,gbm,rf",500,10000,498,500,0.9768882167807098,0.9988896376443067,0.007923985245474689,0.031035768464764888,0.9659416187129967,0.9689642315352351,0.9802923840713239,0.995120654070691,0.9640848856059261,"wbal,tcold",21.3,1,drought_limited,0.610073125,0.5755566138946584,0.9739580997561855,0.9856966911033221,0.9665833127591708,15.980110890136512,0.486178591177132,2.6164009887619586,0.004670081995558295,0.34452125240258624,0.9740262345924621,0.9768882167807098,0.9640848856059261,-6.687654859850188,0.9118373672194183,0.9103777709818135,0.910323484481776
0.938258751398163,3.7398040695122177,-0.09083780668750485,0.9478337276265005,0.010813418984484473,0.9383087417081032,0.9563045589528778,0.5741685321269366,0.5279093639995761,0.931223170845689,0.9548824777659939,0.027985724485854672,0.006663838583823892,0.07255466758632152,0.031319395655855634,-1.583915091263144,586.6967961162023,0.9274453324136784,157.80990485068293,0.9360713635507075,0.9561704456262219,0.956988154181856,0.9935006022900502,-1.493077284575639,558.6924853365184,0.9209459347037288,0.938258751398163,0.956988154181856,0.9190781873688586,1.9829724236941502,-1.7946120246760344,0.938496096460477,0.012118773552478214,0.9195041565458525,0.945423238606822,0.7220188618919055,0.8431961352475164,0.9198871705722489,0.9410285002376805,0.028961938451330355,0.09364895452357024,0.09304058618361949,0.0341818871569797,-17.722164414581233,1820.9175253566793,0.9069594138163805,82.6263366695301,0.9374192379326427,0.9486298725913482,0.9452031916009239,0.9942865618049788,-15.927552389905198,1701.2045695305183,0.9012459756213591,0.9190781873688586,0.9452031916009239,target,1.0,0.7941087442572858,0.8054305091377127,0.8462169942071374,5,0.3423487553907973,world,E7,45.73432891972939,"gam,maxent,gbm,rf",100,10000,100,100,0.9391247619406611,0.9937892345188273,0.009301848966451531,0.0701770870257905,0.925254456364552,0.9298229129742096,0.9590129848516296,0.9942722080514445,0.924095121025654,"wbal,tcold",17.8,2,drought_limited,0.6138525,-1.7929693554836952,0.9455563847213438,0.9401577285304171,0.9247290170086466,15.829729364028934,0.4991125152011801,2.530628621040186,0.05748606288464897,-1.7946120246760344,0.9452031916009239,0.9391247619406611,0.924095121025654,-1.9401249446356132,0.9268240531780327,0.8920418421081799,0.8901206303197853
0.9311827592422458,2.1886042751427794,-0.04265942176265858,0.954662103059405,0.00047723133921338736,0.9297771473509228,0.9631145914161442,0.34911192210551445,0.7873131233086327,0.9263656122796442,0.9612183439214275,0.026985662003558435,0.0056122477242964075,0.06929447209696765,0.02618849385605104,-1.5357367063382976,669.1960440019627,0.9307055279030324,272.0194530241214,0.9317298848991165,0.9641681864858928,0.9638709992090246,0.9997131604465109,-1.493077284575639,558.6924853365184,0.9304186883495433,0.9311827592422456,0.9638709992090246,0.9195924796773733,1.2496721391644883,-1.0823912665914186,0.9477605535088446,0.001104930410693947,0.9202868650410146,0.957336868465956,0.6177734042803392,0.9273576096363921,0.9133167249906943,0.9535091714703896,0.02416546464755348,0.09194617761930353,0.08151245073332056,0.02670400682250203,-17.009943656496617,1967.2995042854902,0.9184875492666794,122.08116659554187,0.9350342706801738,0.9652668618889513,0.9569609789480421,0.9994790766917161,-15.927552389905198,1701.2045695305183,0.9179666259583956,0.9195924796773735,0.9569609789480421,target,1.0,0.8011370745498633,0.8151145063426682,0.8986372394216298,5,0.4177953315127598,world,E7,45.73432891972939,"gam,maxent,gbm,rf",500,10000,500,500,0.931586192089208,0.9973036428025583,0.0009601066923283345,0.06937391460312027,0.9675265080572191,0.9306260853968797,0.9635874279990709,0.9994087958854302,0.9300348812823098,"wbal,tcold",20.9,2,drought_limited,0.637691875,-1.0440672062035574,0.9373204745174202,0.8931263763252311,0.8928507735255264,15.885471255515816,0.4855660977526043,2.623242575264061,0.00045724385731049644,-1.0823912665914186,0.9569609789480421,0.931586192089208,0.9300348812823098,-2.2328433095369,0.9073208017428875,0.8530183287664208,0.8530183287664208
0.9428334602525932,8.765969170866128,-0.9027979026506081,0.9534982903374496,0.00950205010218558,0.9425608792999546,0.9609285281647633,0.2510405514018319,0.5719803420668184,0.9222608272446141,0.9488338736460394,0.0,0.01743428318400084,0.06666858984959245,0.024246489936427938,-9.403912461749385,208.24172121053843,0.9333314101504075,150.94414428936307,0.9318483730792017,0.9536025701802752,0.9607940456502767,0.9956754882743225,-8.501114559098777,179.3834268916049,0.9290068984247299,0.9428334602525932,0.9607940456502767,0.9084106915005449,8.16725543702455,-3.0962830264706227,0.952448749727645,0.006057271672125965,0.908410691500545,0.94565957301247,0.5392998887394899,0.8604726209016702,0.8843818460761887,0.9233682412714244,0.0,0.15330398847767066,0.09764658017158107,0.028170986221582928,-35.80983507579665,863.899095524293,0.9023534198284189,208.098129660749,0.9104714695372795,0.9442747529420426,0.94565957301247,0.9981906480678637,-32.713552049326026,777.8752633714466,0.9005440678962826,0.908410691500545,0.94565957301247,target,1.0,0.8463170005801406,0.8056391819926623,0.9006662897146074,5,0.4709589938558679,world,E7,45.73432891972939,"gam,maxent,gbm,rf",100,10000,100,100,0.9522288777986929,0.9969315291384594,0.01567764453371087,0.06344876673501791,0.9589876990453021,0.936551233264982,0.9594686810708636,0.9918576794560139,0.9284089127209958,"mat,twarm",17.6,0,heat_limited,0.5821187500000001,-3.004062762480963,0.945357710863931,0.9497628115148519,0.926942155462334,-1.8058960878645962,0.7460181352710984,1.7272577191659406,0.6222924014634712,-3.0962830264706227,0.94565957301247,0.9522288777986929,0.9284089127209958,-0.20045210545021064,0.9244047341473931,0.8642052520500999,0.8597342158261947
0.9782455440022068,0.7974474000084797,0.24989654910204706,0.9806973566494431,0.003748866361060862,0.9782379186032082,0.9852167360125663,0.439723637635534,0.8521256231526124,0.9666282131891332,0.9791433595017177,0.0,0.016690600881409,0.025503322358854195,0.009304457471222763,-8.25121800999673,206.42388753055522,0.9744966776411459,34.114764093618746,0.9742433043734341,0.9831848531769019,0.9852130647741864,0.998293840133228,-8.501114559098777,179.3834268916049,0.9727905177743739,0.9782455440022068,0.9852130647741864,0.9583460103891912,2.6203560540761828,-1.1887145622643587,0.9777461233891924,0.00259193168082742,0.9583460103891914,0.9760829533065225,0.6236780803787573,0.946763936517036,0.9365395726212639,0.96429990889989,0.0,0.1475594332858529,0.044245921291636174,0.012637685619416108,-33.902266611590385,840.1950962726646,0.9557540787083638,79.76134993688798,0.9578698501971831,0.9758241573649494,0.9760829533065225,0.9992257708010273,-32.713552049326026,777.8752633714466,0.9549798495093911,0.9583460103891914,0.9760829533065225,target,1.0,0.7124664903998269,0.6801064994010279,0.8180877539237958,5,0.3465685109470976,world,E7,45.73432891972939,"gam,maxent,gbm,rf",500,10000,498,500,0.9755810924387273,0.9995629268822962,0.00472148476268783,0.029140392323960453,0.9486861803397157,0.9708596076760395,0.9828597888407365,0.9975478559742386,0.9684074636502782,"mat,twarm",21.3,0,heat_limited,0.581881875,-1.5007033189811665,0.977430593683921,0.9842164155726975,0.9753552366587539,39.66637601147689,0.41847131322761016,2.3776434486878197,0.2845089368866103,-1.1887145622643587,0.9760829533065225,0.9755810924387273,0.9684074636502782,2.2368591362148216,0.9626854356621647,0.8989563617169078,0.8975407888485678
1.0189591420642552,9.652681262700014,-0.11453869817267304,0.9720326420969011,0.031685020422935105,1.0181855989853,0.9783778654938016,0.2845702096640901,0.6968993423851524,1.0247862198616053,0.9752770085386367,0.0,0.018071120002984616,0.01272587835867996,0.014145959422922004,-8.61565325727145,130.42742004159294,0.98727412164132,62.6104402788534,1.0222311800928914,0.9766255655042548,0.9780030720501814,0.9855797179688838,-8.501114559098777,179.3834268916049,0.9728538396102038,1.0189591420642552,0.9780030720501814,1.029588208710052,10.132226396181636,0.6167769146679305,0.9668067491612405,0.05243527325679555,1.0293904575382615,0.9630014094365907,0.6342392433437253,0.8851522060271163,1.0478039328022635,0.9525903345956606,0.0,0.1648393356902171,0.02284706454674331,0.020732789755845395,-32.096775134658095,659.7323646469769,0.9771529354532567,172.914184358163,1.03251087598113,0.9614761506507709,0.9629075802271309,0.9843371953389739,-32.713552049326026,777.8752633714466,0.9614901307922306,1.0295882087100523,0.9629075802271309,target,1.0,0.8291191068333614,0.7763090746170922,0.8683866793652646,5,0.3673808104489201,world,E7,45.73432891972939,"gam,maxent,gbm,rf",100,10000,100,100,1.0202362782235994,0.9979295776097846,0.03334870800189523,0.013112429778295766,0.9528908534667747,0.9868875702217043,0.9770021267903156,0.9826800595143389,0.9695676297360432,"mat,twarm",17.6,1,heat_limited,0.54079,1.4105292380570837,0.9544765830471114,1.0309209213807686,0.9663869417268836,33.83285447077278,0.46190212430112,2.215784654598418,0.3685717041923182,0.6167769146679305,0.9629075802271309,1.0202362782235994,0.9695676297360432,-1.109774358932313,0.9500856559911549,0.9326892909121269,0.9239389641870335
0.9790162980834579,3.972542231500597,-0.3189639274104419,0.9860346611806297,0.0007808402828895486,0.9789174030045025,0.9886031177631056,0.7109102758643865,0.8418827678036167,0.9777459850612619,0.987538600623152,0.0,0.016244698101923968,0.021764542199431587,0.007167924141744667,-8.82007848650922,190.62131796638775,0.9782354578005684,34.669559818288164,0.9792806729870829,0.9885311682470526,0.9886077833193415,0.9996446290092218,-8.501114559098777,179.3834268916049,0.9778800868097903,0.979016298083458,0.9886077833193415,0.9692721536517811,0.16404845718295746,-0.9019268008062156,0.9855161355307333,0.0009965814076037633,0.9692721536517814,0.983384211723733,0.8581926008339846,0.9523681102340419,0.96637527227653,0.9807851745345294,0.0,0.15235778951821138,0.03172442775582254,0.008878687932990549,-33.61547885013224,808.526907254956,0.9682755722441775,45.35153446676003,0.9679866697318529,0.9827164213529229,0.983384211723733,0.9997023137489974,-32.713552049326026,777.8752633714466,0.9679778859931749,0.9692721536517814,0.983384211723733,target,1.0,0.8315342459079567,0.7736994531629197,0.9071800497872928,5,0.546100981175431,world,E7,45.73432891972939,"gam,maxent,gbm,rf",500,10000,500,500,0.9824410749230537,0.999838840250867,0.0014808592733791214,0.01903978435032544,0.9654227859331368,0.9809602156496745,0.9896488002174284,0.9992309029039113,0.9801911185535856,"mat,twarm",20.9,1,heat_limited,0.5694181249999999,1.5418585708506427,0.980221430684642,1.0096288604446044,0.9900881135519239,34.79958110662349,0.3958153002698336,2.671302579551296,0.13199452255495636,-0.9019268008062156,0.983384211723733,0.9824410749230537,0.9801911185535856,-1.626643337544948,0.9451493550205311,0.9182004177440334,0.918045933602796
0.9589770016674216,13.855168837001713,-0.9114132360518941,0.9670069999898528,0.009508646605244187,0.9586276755045603,0.9695288407277851,0.4803380340044086,0.6329358423461211,0.9605466534985364,0.9659366702398833,0.0,0.014487644779573604,0.05053164493782259,0.019054765045950283,-9.412527795150671,188.4539126770002,0.9494683550621774,87.04457699884247,0.9604911065767018,0.9681575532144083,0.9693512014219859,0.9956724861164179,-8.501114559098777,179.3834268916049,0.9451408411785953,0.9589770016674216,0.9693512014219859,0.9697655354899698,15.121476350633259,0.0792003098934515,0.9603552795574949,0.03290462268001969,0.96976553548997,0.9512410446118507,0.7441213015798067,0.8518759034423271,0.9759323789322378,0.9447580422380903,0.0,0.13838401784106158,0.06313908719004986,0.02563833740660889,-32.634351739432574,691.7819951943164,0.9368609128099501,222.42488125630015,0.97049503409903,0.9504720331408484,0.9512410446118507,0.9901711453860856,-32.713552049326026,777.8752633714466,0.9270320581960356,0.96976553548997,0.9512410446118507,target,1.0,0.8053732690685926,0.738763968395583,0.7213659987333063,5,0.29230706193847156,world,E7,45.73432891972939,"gam,maxent,gbm,rf",100,10000,100,100,0.9686254034951334,0.9984896347506165,0.010078786800133611,0.04145338330500024,0.9298914291683714,0.9585466166949997,0.973823272820902,0.9947654947371256,0.9533121114321252,"mat,twarm",18.2,2,heat_limited,0.5703181249999999,0.6735289707978467,0.9547462331803922,1.0044934615995718,0.9603506527048347,32.713552049326026,0.37398852970017366,2.9254516509166977,0.0,0.0792003098934515,0.9512410446118507,0.9686254034951334,0.9533121114321252,-0.6558616453683044,0.9425157600253657,0.941742849635268,0.9357539771789758
0.9670309073484036,2.4509167024006615,-0.7640903795538936,0.9796921763736992,0.0011256573779165884,0.9670272924707153,0.9820927582159115,0.555707616433262,0.7939297101575484,0.9676274363935582,0.9802948930236931,0.0,0.014487644779573604,0.03409475002951302,0.011177770305959081,-9.265204938652671,187.064273107754,0.9659052499704869,35.90854503626316,0.9673071055393299,0.9811240287699013,0.9820946344687044,0.9994876980780415,-8.501114559098777,179.3834268916049,0.9653929480485284,0.9670309073484038,0.9820946344687044,0.9491381244183327,1.899843274618263,-1.7964880273521544,0.9766967491192937,0.0010474257957494948,0.9491381244183327,0.9728306955214013,0.6142407774351315,0.9351122714869229,0.9482133913338007,0.9688895003693736,0.0,0.13838401784106158,0.05190930137741692,0.014136505566602299,-34.51004007667818,801.507758484888,0.9480906986225831,39.211448988218784,0.9481723890091437,0.9723175435353715,0.9728306955214013,0.9996871261535074,-32.713552049326026,777.8752633714466,0.9477778247760904,0.9491381244183327,0.9728306955214013,target,1.0,0.8195696298300378,0.7707225666847185,0.8612640876326505,5,0.5548711892939335,world,E7,45.73432891972939,"gam,maxent,gbm,rf",500,10000,495,500,0.9751744096568249,0.9994016560667569,0.0038689114451407208,0.028694501788315896,0.9652655552294002,0.9713054982116841,0.9835136517189313,0.997990647314723,0.9692961455264071,"mat,twarm",21.4,2,heat_limited,0.5921875,1.3543715529116191,0.9698408562752608,0.9981303712900372,0.9796485289884369,24.216747321190216,0.42763847713438835,2.703752762006792,0.11514123909803509,-1.7964880273521544,0.9728306955214013,0.9751744096568249,0.9692961455264071,-4.284283683603469,0.917073334866354,0.9044345663388338,0.9025828950798247
1.3948032298419326,12.182888306080883,2.7430161436380995,0.7156886038049786,0.46676623470996986,1.3917479590079893,0.7723140986192183,0.08863368516581495,0.3848830817780859,1.3859980474269002,0.7687338168876304,0.14724767862823995,0.010426444767328423,0.07196300486803722,0.2554109714220002,1.069818010490775,370.81802437471873,0.9280369951319627,3248.8811055610813,1.386550353574502,0.7694752922553073,0.7750423780689633,0.5827299148660253,-1.6731981331473245,372.5716855093788,0.5107669099979879,1.3948032298419324,0.7750423780689633,1.5904920505967166,28.46456946736464,14.439239067202601,0.6777229196347503,0.6334756914680532,1.5813135714432986,0.7346973353057383,0.38209908774986145,0.5741900766481416,1.529929895015567,0.7171516381215987,0.2800488650571489,0.1383224227536515,0.042983640871336624,0.2712083116990349,-1.665031229646674,1136.5241323423245,0.9570163591286633,3355.7780776103737,1.5509666122681236,0.7208244545817296,0.7388684006254456,0.5728552421883804,-16.104270296849275,1233.5439653684837,0.5298716013170437,1.5904920505967166,0.7388684006254456,target,1.0,0.6343218569509185,0.692228391403593,0.7645098438772011,5,0.19068655469549803,world,E7,45.73432891972939,"gam,maxent",100,10000,100,100,1.3569485284882814,0.8083913255783451,0.43558904492547995,0.07864051643719848,0.4886463360623219,0.9213594835628015,0.781824017305758,0.5978572783718094,0.5192167619346109,"mat,lpann",17.3,0,region_excluded,0.3775425,15.18288721086911,0.7287462841582328,1.4076994933642004,0.5091331342052308,16.99171245923464,0.699751245082247,1.5169054464064213,0.48147436749934336,14.439239067202601,0.7388684006254456,1.3569485284882814,0.5192167619346109,14.304949971682023,0.7450263196187873,1.250012175096229,0.5072895098418497
1.4803021254148228,9.54934129254741,2.048553615292459,0.7294158165160085,0.4972769216384229,1.481465602362087,0.792267272718312,0.422337252267251,0.42654975262349926,1.467834244684252,0.7880242753976175,0.23532661174928926,0.008981284689748313,0.01697479622359999,0.24279677741788916,0.37535548214513437,390.97170565810416,0.9830252037764,3141.312099405648,1.474886557841607,0.7887193730250132,0.7926656947987674,0.5554545980470136,-1.6731981331473245,372.5716855093788,0.5384798018234136,1.4803021254148228,0.7926656947987674,1.6840375544414468,27.079026933137413,13.535110525308035,0.6790295957944791,0.6939629379899499,1.684126521104261,0.737725352597984,0.5539284554240859,0.5001332717423801,1.657969944785909,0.729566534539873,0.33336603200705195,0.13146462949078788,0.009925383548503074,0.2759263808631126,-2.5691597715412406,944.3587911528485,0.9900746164514969,3208.354812459056,1.6851295140846212,0.7330921603766694,0.737750196388391,0.5320694462781826,-16.104270296849275,1233.5439653684837,0.5221440627296796,1.6840375544414468,0.737750196388391,target,1.0,0.576480444999232,0.6132601962333568,0.8716753992399722,5,0.10311615738591243,world,E7,45.73432891972939,"gam,maxent,gbm,rf",500,10000,499,500,1.4500907427883065,0.8211649878177523,0.4767287440005958,0.02663800121228903,0.499774954718943,0.9733619987877109,0.7945517949918735,0.5598764550573428,0.5332384538450539,"mat,lpann",26.2,0,region_excluded,0.34176125000000007,17.621837275914675,0.754929747900345,1.090284667280418,0.49487294748441646,19.49630718483649,0.5927278195428353,1.9265290216543034,0.1446136977588366,13.535110525308035,0.737750196388391,1.4500907427883065,0.5332384538450539,14.850212379498982,0.7539930605939603,1.33138340694551,0.5367819607500177
1.3582158205072308,15.923536965910444,3.5838830615191553,0.6951867360011585,0.4646846157477872,1.3591786196315216,0.7568991761581073,0.03403089905007473,0.2790864337089094,1.3350961225744893,0.7534339006884081,0.1558781496646726,0.014335586403847984,0.10646879524055633,0.27124140287976445,1.9106849283718308,390.65759470179137,0.8935312047594436,2943.821124420836,1.3420962115942938,0.7553641782118254,0.7578027396722774,0.5845907978026545,-1.6731981331473245,372.5716855093788,0.478122002562098,1.3582158205072308,0.7578027396722774,1.6377101173754778,31.571117761985818,20.95124644629552,0.6300095536371202,0.6889486429608703,1.6228091779345557,0.7120821194356134,0.17278050659210575,0.40738986850345965,1.514240006694665,0.6880306841942149,0.32815210768233644,0.15300592292236193,0.05123852558539274,0.29266688598703494,4.846976149446247,1261.2862652196154,0.9487614744146072,3156.142799459492,1.571199213923209,0.6920171739846295,0.7193826707224563,0.5354505228761318,-16.104270296849275,1233.5439653684837,0.48421199729073905,1.6377101173754773,0.7193826707224563,target,1.0,0.682720532161548,0.7412867341875179,0.7985259599628913,5,0.218914463297374,world,E7,45.73432891972939,"gam,maxent,gbm",100,10000,100,100,1.3104515779606865,0.7880105065908526,0.4251626557207777,0.11471107776009122,0.49420178969225315,0.8852889222399087,0.766334106011697,0.6074830864135407,0.4927720086534495,"mat,lpann",17.2,1,region_excluded,0.43721916666666666,22.499444680389658,0.7057051831601957,1.3470198800695568,0.47292117848489057,17.255604515595344,0.5803319771667493,2.028983610118358,0.050025995133579526,20.95124644629552,0.7193826707224563,1.3104515779606865,0.4927720086534495,17.701104247664656,0.742548930803415,1.2291192886225526,0.5131602660147871
1.3442720804998658,10.776158104732247,2.041008427328017,0.7264879032814013,0.4217743337293666,1.3481048856414406,0.787729920329639,0.19629385048245646,0.37678208149398723,1.311436061167394,0.7792366809122426,0.15913066213060603,0.010322488332944767,0.07750225322950093,0.23645956694698145,0.36781029418069267,369.00863402329514,0.922497746770499,3124.1510151892885,1.326906049507681,0.7835897451401239,0.7870227645024859,0.6229508497932934,-1.6731981331473245,372.5716855093788,0.5454485965637925,1.3442720804998656,0.7870227645024859,1.5764431531635348,29.770471290680916,16.531972765420942,0.6825796339090298,0.6174580199122194,1.5762269249775698,0.7445274222893584,0.396776045017332,0.5007268771574362,1.4941281482383466,0.7272629124837793,0.3038737881811521,0.13813657184680211,0.0410148667486846,0.2589869440303416,0.4277024685716668,1034.1947087583565,0.9589851332513155,3257.2100045001953,1.5716473801889506,0.7403244460758786,0.7444256102245511,0.5836557583401004,-16.104270296849275,1233.5439653684837,0.5426408915914158,1.5764431531635346,0.7444256102245511,target,1.0,0.5835482100949563,0.6043559110756985,0.8765945401701014,5,0.1263368747786402,world,E7,45.73432891972939,"gam,maxent,gbm,rf",500,10000,499,500,1.316935919265699,0.8151600901645193,0.40016609025552907,0.08323017098983006,0.5065419528079506,0.91676982901017,0.7913639918886661,0.6305603124931636,0.5473301415033336,"mat,lpann",25.6,1,region_excluded,0.41389624999999997,17.35441338151119,0.7461118860702549,1.1971671659295293,0.5095043321337887,19.7120849463405,0.6245883326561542,1.7831430248567695,0.2769899263790858,16.531972765420942,0.7444256102245511,1.316935919265699,0.5473301415033336,18.586193090080993,0.7388696821032744,1.1432360493821694,0.4860044691683252
1.2873537956099002,11.958180679709812,-0.4854413905663657,0.7013275072561589,0.4139540278927988,1.290268093955008,0.7645828736875241,0.08913977783043282,0.2707416214259793,1.2681573840879912,0.7590724519357379,0.11900506473472569,0.0067297948865881335,0.12660023228289866,0.25606703167289,-2.15863952371369,707.9817773473158,0.8733997677171013,3142.5518108202864,1.2727899629723263,0.7611169561434215,0.7636770222371463,0.6299418860755687,-1.6731981331473245,372.5716855093788,0.50334165379267,1.2873537956098997,0.7636770222371463,1.4009169872289975,25.57868783457866,6.9500817800833055,0.692235573649016,0.4811700746989476,1.3954665878586736,0.763387055998529,0.20806277283676963,0.7061638876573252,1.3088217548219376,0.737276756009714,0.04382334784096823,0.12191664824043418,0.08025308746995008,0.25141090298301694,-9.15418851676597,2024.0698130423996,0.9197469125300499,3434.3807160269284,1.3476981478873113,0.7482956387883521,0.766163026395652,0.6755530199632831,-16.104270296849275,1233.5439653684837,0.595299932493333,1.4009169872289975,0.766163026395652,target,1.0,0.7192404588671728,0.7591414118004529,0.8108366478105362,5,0.264701829244553,world,E7,45.73432891972939,"gam,maxent,gbm",100,10000,100,100,1.2937410209474218,0.7908257293957531,0.4077010804938744,0.1139600595464525,0.49688605219870713,0.8860399404535475,0.7725719096984818,0.6236038898806335,0.509643830334181,"mat,lpann",17.2,2,region_excluded,0.4216641666666667,9.502469513482069,0.6858820189534726,0.984156988330492,0.3784694978113987,14.38778750337235,0.5847328743006981,2.066046413727039,0.015809026437968443,6.9500817800833055,0.766163026395652,1.2937410209474218,0.509643830334181,7.2435610126693515,0.7292084418670487,1.1314927028572932,0.43534945359203703
1.3258971497787588,12.53212551281166,1.8340635253405235,0.7196980756063307,0.41928356458505994,1.330204140850559,0.7805602658905747,0.02935460804738814,0.2745263373160808,1.319011822395468,0.7749941492199449,0.11106097586028577,0.006914002284367174,0.09338641480630122,0.24289459427139637,0.16086539219319906,360.38136750468135,0.9066135851936988,3248.6177341171538,1.3225851149360681,0.7768181627036164,0.7795818360067527,0.6251774964005393,-1.6731981331473245,372.5716855093788,0.5317910815942382,1.3258971497787586,0.7795818360067527,1.514679904858668,29.12482635777195,13.732864762070117,0.6940017360261064,0.5659505905228146,1.51272681644838,0.7537002214509405,0.4010400799326934,0.60504124106803,1.4437182172181733,0.733139097766429,0.20990793754706236,0.12228107477616187,0.05127068566414653,0.25396101295238604,-2.3714055347791585,1224.05179034212,0.9487293143358534,3411.4300635409245,1.4824541537676497,0.7417109799676231,0.7545527464571476,0.6183865755574899,-16.104270296849275,1233.5439653684837,0.5671158898933433,1.5146799048586683,0.7545527464571476,target,1.0,0.685615337682661,0.7320730368156583,0.9583755639612506,5,0.23308296295269887,world,E7,45.73432891972939,"gam,maxent,gbm",500,10000,500,500,1.3016184098613248,0.8032114198482843,0.4037695207240455,0.10215111086272076,0.49417891331646885,0.8978488891372792,0.7801891793100278,0.6272335682770527,0.525082457414332,"mat,lpann",19.9,2,region_excluded,0.40144416666666666,10.187972942778854,0.7589785805479825,1.2304014496921747,0.49643409780975034,15.216959971255848,0.6974165055744453,1.5809711433518916,0.4636382170379396,13.732864762070117,0.7545527464571476,1.3016184098613248,0.525082457414332,8.527781216635109,0.7500654708971753,1.2009150858196769,0.48508644318501837
1.3643289915612942,2.627886985689713,-3.7283645386973374,0.720965964506406,0.433444224540139,1.3659391423542853,0.7867347891356656,0.42259130679979834,0.2930428158402708,1.3576885995630446,0.7831080649415211,0.023275808815574343,0.010426444767328423,0.06911523297884484,0.24144487482623891,-5.244188094645108,803.0261779399707,0.9308847670211551,349.13592394751106,1.3595099355662164,0.7844017283741431,0.7874409782594947,0.6064118213989301,-1.5158235559477706,484.46900714103595,0.5372965884200851,1.364328991561294,0.7874409782594947,1.3525192670726758,6.4190167602218935,-4.03987941713072,0.7111955166372703,0.4273408459423647,1.3525984668282083,0.7865105842641887,0.5356875441673594,0.5912626575848655,1.3386674910086966,0.7791629338581649,0.025314114618226195,0.1383224227536515,0.07482157886968895,0.24226326076454954,-16.569848198384484,1727.2435088233312,0.925178421130311,258.37591889941376,1.355616363968952,0.782793078799065,0.7865426941064281,0.6871251751536605,-12.529968781253764,1604.296547797116,0.6123035962839714,1.3525192670726758,0.7865426941064281,target,1.0,0.648789398925235,0.6960542262599103,0.7794921731846881,5,0.2186452695802088,world,E7,45.73432891972939,gam,100,10000,100,100,1.4180113539301014,0.7939564531008378,0.4569250839738281,0.03891373004372678,0.4478056959749253,0.9610862699562732,0.7949394186211548,0.5727323642928136,0.5338186342490867,"mat,lpann",15.9,0,patchy,0.32093750000000004,-0.15120601894381736,0.7600931204332536,1.2090691906811184,0.49238984819926723,2.095512041015713,0.7421204399781107,1.6540516849540157,0.3874337360555409,-4.03987941713072,0.7865426941064281,1.4180113539301014,0.5338186342490867,-0.2288286650082405,0.7612671433757041,1.2161574207720631,0.4950315625462154
1.3949163418122599,3.4469241010667133,0.33784784114264665,0.7296102952611315,0.4476471520103195,1.3963534905120947,0.7907844456814254,0.06162531263107399,0.5104326285281153,1.3906019394527487,0.7878967480131122,0.01968726409808824,0.008981284689748313,0.05273081019805975,0.2401116586097388,-1.177975714805124,515.5864881153703,0.9472691898019403,507.55100317256125,1.3909133844126917,0.7882497813793872,0.7910666216299908,0.5935148809454676,-1.5158235559477706,484.46900714103595,0.5407840707474079,1.3949163418122597,0.7910666216299908,1.4305872405966649,1.2330254416701223,2.5445271020965166,0.7258133325066857,0.4528989769548798,1.4142952541590808,0.800157016527416,0.4035827689880065,0.7368339493758836,1.3691103108308413,0.7850178880309071,0.022010179858967444,0.13146462949078788,0.022311736358214748,0.2279340709491322,-9.985441679157248,1919.9715007979312,0.9776882636417853,222.76720353035248,1.380530356165772,0.7877288499197947,0.8044872838234602,0.6684129555288157,-12.529968781253764,1604.296547797116,0.646101219170601,1.4305872405966649,0.8044872838234602,target,1.0,0.6488474516323943,0.7077263233574789,0.8619382636254299,5,0.1830104119094956,world,E7,45.73432891972939,"gam,maxent",500,10000,495,500,1.390147470924776,0.787082317329358,0.44538769047965626,0.05524021955488012,0.46364320587076513,0.9447597804451199,0.7905451792726255,0.5835209049384845,0.5282806853836044,"mat,lpann",18.3,0,patchy,0.3647275,1.221474855822546,0.7627512683203544,1.1938422167339695,0.48732373140865937,10.44153196068619,0.6108922945167454,2.0314052498589055,0.03553974596755527,2.5445271020965166,0.8044872838234602,1.390147470924776,0.5282806853836044,0.7326313940470559,0.786841823510456,1.2932062550390013,0.52723341083727
1.5397270501710731,15.274995412131545,2.0078142884870864,0.6907119451806999,0.5604754765261003,1.5415114757248856,0.7717770541093506,0.2525351289898712,0.1910417680138827,1.5202511478006158,0.7734216924115628,0.24460708049840293,0.014335586403847984,0.02074842635502735,0.27707229343029904,0.4919907325393158,239.90083890957914,0.9792515736449726,539.9179561175403,1.529621365669375,0.7744415469796001,0.771147099117609,0.491061341997311,-1.5158235559477706,484.46900714103595,0.4703129156422836,1.539727050171073,0.771147099117609,1.635059757404945,10.777287981120196,7.309414307533125,0.6610539041730328,0.6467526394498019,1.6352045056152869,0.7500792296797459,0.4373851619797969,0.4633870287498765,1.613783546994896,0.745858513965693,0.26904755955562687,0.15300592292236193,0.011692882044856632,0.2799857791456413,-5.2205544737206395,975.3046336948692,0.9883071179551434,948.2922532868774,1.6477910461627507,0.7467569957513124,0.7501212184489099,0.526484255581654,-12.529968781253764,1604.296547797116,0.5147913735367973,1.635059757404945,0.7501212184489099,target,1.0,0.6538346278190141,0.6799846543534847,0.7706230315752821,5,0.1653514186885468,world,E7,45.73432891972939,"gam,maxent,gbm,rf",100,10000,100,100,1.5089635440531415,0.7882833319502497,0.5324238425603589,0.023460298507217214,0.4487379214353684,0.9765397014927827,0.7784407260977715,0.5021339725399494,0.478673674032732,"mat,lpann",20.6,1,patchy,0.308995625,1.528312440768854,0.7554329594172333,1.2078666320803504,0.479521134421131,9.581981941664264,0.6611739220683496,1.8250013089631771,0.22854671126739623,7.309414307533125,0.7501212184489099,1.5089635440531415,0.478673674032732,1.11316534607454,0.7672116950840296,1.292311398710237,0.49391971228472764
1.3629920208681698,2.402476396666202,0.7253078717001871,0.7351527339735153,0.42705922466966667,1.3657318569869787,0.7923327886135373,0.3850432490955959,0.2986498013961959,1.3439659774047925,0.7887727130713033,0.13572789890056935,0.010363974638790211,0.06406720380149673,0.2347554397039045,-0.7905156842475836,370.76611111718523,0.9359327961985032,87.1433801563668,1.3535531172066066,0.7909572558332324,0.7921590830041305,0.6122097080175682,-1.5158235559477706,484.46900714103595,0.5481425042160715,1.3629920208681698,0.7921590830041305,1.4507006538497125,4.016249893398822,6.314348321300267,0.715717371600594,0.4969781215525291,1.4503386191669516,0.7783150880732475,0.5471240361774564,0.5523591423316829,1.4231352387777667,0.7721554672736979,0.18524667145428242,0.13813657184680211,0.04627746770281655,0.23673620090792402,-6.215620459953497,1118.8682867423227,0.9537225322971835,468.77656010472754,1.4541132542608182,0.7772174822960071,0.7783264192621951,0.6361406960986324,-12.529968781253764,1604.296547797116,0.5898632283958158,1.4507006538497125,0.7783264192621951,target,1.0,0.5963285169512125,0.6311782378010132,0.8492053795403276,5,0.1274986582946192,world,E7,45.73432891972939,"gam,maxent,gbm,rf",500,10000,498,500,1.3530273602450598,0.7959720173804938,0.4153785295599869,0.06235116931492707,0.4675815419697515,0.9376488306850729,0.7969723144973715,0.6115822736079227,0.5492311042929956,"mat,lpann",23.4,1,patchy,0.38702312499999997,5.049905006729927,0.7796720037469052,1.3140345438758636,0.536659359635566,12.486695551661276,0.7023690773517991,1.6167134773880214,0.4233152903301096,6.314348321300267,0.7783264192621951,1.3530273602450598,0.5492311042929956,4.011071277022015,0.7696278764734157,1.2483491408638374,0.509560366090092
1.4124542355925442,1.0476269278760242,-0.479270197180659,0.7164184369719948,0.46391093305009884,1.4088040173453016,0.7840567512854963,0.12644143876411476,0.3503413199829204,1.4107896455053563,0.7792942012663026,0.07845054726943401,0.0067297948865881335,0.051456697457554525,0.24639584761120029,-1.9950937531284296,530.5052966079311,0.9485433025424455,224.52368301707375,1.4082265968589245,0.7803122224565824,0.786372059248175,0.5787465864471276,-1.5158235559477706,484.46900714103595,0.5272898889895732,1.412454235592544,0.786372059248175,1.4655289399835847,1.630720064219247,2.8451286784178187,0.7111592541255412,0.4872487927809343,1.464474569236374,0.7932228168160155,0.5052754802883727,0.6258892274081662,1.4368984318561302,0.7782154033465868,0.06083160994638016,0.12191664824043418,0.021719852797349594,0.23655476500889536,-9.684840102835945,1616.1824872586024,0.9782801472026504,260.8026033078425,1.435178426768475,0.78200841706361,0.7935661442361035,0.6432639609683232,-12.529968781253764,1604.296547797116,0.6215441081709736,1.465528939983585,0.7935661442361035,target,1.0,0.636795221457662,0.6784538881642022,0.6994719663319965,5,0.21001159843900224,world,E7,45.73432891972939,"gam,maxent",100,10000,100,100,1.4193615144821934,0.7844705070231955,0.4713503702945214,0.051988855812327955,0.467018415965994,0.9480111441876721,0.7836870500856679,0.5592433740910961,0.5072545182787682,"mat,lpann",15.6,2,patchy,0.33895125000000004,4.56787798742182,0.7435059377109954,1.108452249361161,0.4405331512780337,9.758851816404823,0.6121478404089419,2.039627546500735,0.027851130547967395,2.8451286784178187,0.7935661442361035,1.4193615144821934,0.5072545182787682,2.470639371729522,0.7733619704430562,1.2593692572536566,0.47258899548104183
1.3489293215420066,0.23519541610102124,0.628173163816137,0.731817822855311,0.41862837735169656,1.3489211644296952,0.7922015501078391,0.2799961507969481,0.32401297414205765,1.323774208444484,0.7867134188105355,0.0744388173628422,0.006789468933532493,0.06969905580969007,0.23347685100016696,-0.8876503921316337,512.2941909126889,0.93030094419031,108.30000481479027,1.335480469590542,0.7900386174182221,0.7921063743029896,0.6198653224013199,-1.5158235559477706,484.46900714103595,0.5501662665916298,1.3489293215420064,0.7921063743029896,1.3783147934656519,3.131139814834171,2.4755470624086566,0.7185829945512698,0.4417835032028546,1.3781081185177737,0.7875026924575381,0.46460469200194104,0.6169780792646876,1.3342356137663054,0.7763843842501502,0.08772953568550766,0.12201284482129109,0.06346870973720256,0.23104687969785734,-10.054421718845107,1483.907916777973,0.9365312902627975,241.19541319047238,1.3687860167342327,0.7844256316889632,0.787558730943346,0.676551077443139,-12.529968781253764,1604.296547797116,0.6130823677059365,1.378314793465652,0.787558730943346,target,1.0,0.5575067800808583,0.5943800133221366,0.8444954951741461,5,0.05558348119370182,world,E7,45.73432891972939,"gam,maxent,gbm,rf",500,10000,499,500,1.340379819860027,0.7965670405397994,0.4107668541728241,0.07038703431279712,0.4644316327700341,0.9296129656872029,0.7944120503848824,0.6158946208797897,0.5455075865669925,"mat,lpann",22.9,2,patchy,0.39630374999999995,0.9955099471651288,0.7695846029762843,1.2301420328081902,0.5027410381987623,13.280944298349162,0.6895746875927112,1.6498367897575883,0.3923418991565444,2.4755470624086566,0.787558730943346,1.340379819860027,0.5455075865669925,0.9908551244271138,0.7693812614380338,1.22886056766746,0.5017523076013353
