consumer,resource,interaction type,class,evidence citation,confidence,notes
Ficus carica (common fig),Blastophaga psenes,pollination (brood pollination mutualism),obligate,[V] Kjellberg F et al. (1987) The stability of the symbiosis between dioecious figs and their pollinators: a study of Ficus carica L. and Blastophaga psenes L. Evolution 41:693-704; [V] Janzen DH (1979) How to be a fig. Annu Rev Ecol Syst 10:13-51,high,"Caprifig/Smyrna types need the wasp; many edible cultivars are parthenocarpic (San Pedro/common types) and do not, so apply to wild/caprifig populations only. Wasp is obligate on F. carica caprifigs."
Blastophaga psenes,Ficus carica (caprifig),brood site / host plant,obligate,[V] Kjellberg F et al. (1987) The stability of the symbiosis between dioecious figs and their pollinators: a study of Ficus carica L. and Blastophaga psenes L. Evolution 41:693-704; [V] Janzen DH (1979) How to be a fig. Annu Rev Ecol Syst 10:13-51,high,Reciprocal of previous row.
Ficus religiosa,Blastophaga quadraticeps,pollination (brood pollination mutualism),obligate,[V] Cruaud A et al. (2012) An extreme case of plant-insect codiversification: figs and fig-pollinating wasps. Syst Biol 61:1029-1047; [V] Janzen DH (1979) How to be a fig. Annu Rev Ecol Syst 10:13-51,medium,"Reciprocal: the wasp breeds only in this fig. Compute exposure in both directions. Pollinator species identity from memory, not confirmed in this session; obligate nature of fig-wasp system is general (cited)."
Ficus benghalensis,Eupristina masoni,pollination (brood pollination mutualism),obligate,[V] Cruaud A et al. (2012) An extreme case of plant-insect codiversification: figs and fig-pollinating wasps. Syst Biol 61:1029-1047; [V] Janzen DH (1979) How to be a fig. Annu Rev Ecol Syst 10:13-51,medium,"Reciprocal: the wasp breeds only in this fig. Compute exposure in both directions. Pollinator species identity from memory, not confirmed in this session; obligate nature of fig-wasp system is general (cited)."
Ficus microcarpa,Eupristina verticillata,pollination (brood pollination mutualism),obligate,[V] Cruaud A et al. (2012) An extreme case of plant-insect codiversification: figs and fig-pollinating wasps. Syst Biol 61:1029-1047; [V] Janzen DH (1979) How to be a fig. Annu Rev Ecol Syst 10:13-51,medium,"Reciprocal: the wasp breeds only in this fig. Compute exposure in both directions. Pollinator species identity from memory, not confirmed in this session; obligate nature of fig-wasp system is general (cited). Widely planted outside range (invasive/ornamental); outside native range fig sets seed only where the wasp is also introduced."
Ficus sycomorus,Ceratosolen arabicus,pollination (brood pollination mutualism),obligate,[V] Cruaud A et al. (2012) An extreme case of plant-insect codiversification: figs and fig-pollinating wasps. Syst Biol 61:1029-1047; [V] Janzen DH (1979) How to be a fig. Annu Rev Ecol Syst 10:13-51,medium,"Reciprocal: the wasp breeds only in this fig. Compute exposure in both directions. Pollinator species identity from memory, not confirmed in this session; obligate nature of fig-wasp system is general (cited)."
Ficus racemosa,Ceratosolen fusciceps,pollination (brood pollination mutualism),obligate,[V] Cruaud A et al. (2012) An extreme case of plant-insect codiversification: figs and fig-pollinating wasps. Syst Biol 61:1029-1047; [V] Janzen DH (1979) How to be a fig. Annu Rev Ecol Syst 10:13-51,medium,"Reciprocal: the wasp breeds only in this fig. Compute exposure in both directions. Pollinator species identity from memory, not confirmed in this session; obligate nature of fig-wasp system is general (cited)."
Ficus macrophylla,Pleistodontes froggatti,pollination (brood pollination mutualism),obligate,[V] Cruaud A et al. (2012) An extreme case of plant-insect codiversification: figs and fig-pollinating wasps. Syst Biol 61:1029-1047; [V] Janzen DH (1979) How to be a fig. Annu Rev Ecol Syst 10:13-51,medium,"Reciprocal: the wasp breeds only in this fig. Compute exposure in both directions. Pollinator species identity from memory, not confirmed in this session; obligate nature of fig-wasp system is general (cited)."
Ficus aurea,Pegoscapus mexicanus,pollination (brood pollination mutualism),obligate,[V] Cruaud A et al. (2012) An extreme case of plant-insect codiversification: figs and fig-pollinating wasps. Syst Biol 61:1029-1047; [V] Janzen DH (1979) How to be a fig. Annu Rev Ecol Syst 10:13-51,medium,"Reciprocal: the wasp breeds only in this fig. Compute exposure in both directions. Pollinator species identity from memory, not confirmed in this session; obligate nature of fig-wasp system is general (cited)."
Yucca brevifolia (Joshua tree),Tegeticula synthetica / T. antithetica (two moth species by region),pollination (brood pollination mutualism),obligate,"[V] Pellmyr O (2003) Yuccas, yucca moths, and coevolution: a review. Ann Missouri Bot Gard 90:35-55",medium,"Reciprocal: moth larvae feed only on yucca seeds. Two Joshua tree varieties each with their own moth (recalled, not confirmed). Moth species names to be checked."
Yucca filamentosa,Tegeticula yuccasella,pollination (brood pollination mutualism),obligate,"[V] Pellmyr O (2003) Yuccas, yucca moths, and coevolution: a review. Ann Missouri Bot Gard 90:35-55",medium,Reciprocal: moth larvae feed only on yucca seeds. Pairing recalled; check.
Hesperoyucca whipplei,Tegeticula maculata,pollination (brood pollination mutualism),obligate,"[V] Pellmyr O (2003) Yuccas, yucca moths, and coevolution: a review. Ann Missouri Bot Gard 90:35-55",medium,Reciprocal: moth larvae feed only on yucca seeds. Pairing recalled; check.
Yucca glauca,Tegeticula yuccasella,pollination (brood pollination mutualism),obligate,"[V] Pellmyr O (2003) Yuccas, yucca moths, and coevolution: a review. Ann Missouri Bot Gard 90:35-55",low,Reciprocal: moth larvae feed only on yucca seeds. Pairing recalled; check; some yuccas have multiple moth species.
Glochidion spp. (leafflowers),Epicephala spp. (leafflower moths),pollination (brood pollination mutualism),obligate,[V] Kawakita A & Kato M (2004) Obligate pollination mutualism in Breynia (Phyllanthaceae). Am J Bot 91:1319-1325; [V] Hembry DH & Althoff DM (2016) Diversification and coevolution in brood pollination mutualisms. Am J Bot 103:1783-1792,medium,Genus-level; species pairs are one-to-one in many cases but not resolved here. Mostly Old World tropics.
Breynia spp.,Epicephala spp.,pollination (brood pollination mutualism),obligate,[V] Kawakita A & Kato M (2004) Obligate pollination mutualism in Breynia (Phyllanthaceae). Am J Bot 91:1319-1325,medium,Genus-level; species pairing unresolved.
Phyllanthus spp. (New Caledonia),Epicephala spp.,pollination (brood pollination mutualism),obligate,[V] Kawakita A & Kato M (2004) Evolution of obligate pollination mutualism in New Caledonian Phyllanthus (Euphorbiaceae). Am J Bot 91:410-415,medium,Narrow endemics; likely out of v1 scope.
Trollius europaeus,Chiastocheta spp. (globeflower flies),pollination (nursery pollination),near-obligate,[V] Pellmyr O (1989) The cost of mutualism: interactions between Trollius europaeus and its pollinating parasites. Oecologia 78:53-59,medium,Source reports the flies as exclusive pollinators; four Chiastocheta species. Reciprocal: larvae develop in seeds.
Angraecum sesquipedale,Xanthopan morganii (praedicta),pollination,near-obligate,"[R] Darwin C (1862) On the various contrivances by which British and foreign orchids are fertilised by insects. John Murray, London",low,"Classic prediction (1862) and later confirmation; modern evidence not verified in this session. Madagascar; narrow range, probably out of scope."
Rediviva spp. (oil-collecting bees),Diascia spp.,pollination / floral oil resource,near-obligate,[V] Steiner KE & Whitehead VB (1990) Pollinator adaptation to oil-secreting flowers - Rediviva and Diascia. Evolution 44:1701-1707,low,Rediviva also use other oil plants (96 plant species in the network per a press summary; not primary). South Africa.
Diascia spp.,Rediviva spp.,pollination,strong-preference,[V] Steiner KE & Whitehead VB (1990) Pollinator adaptation to oil-secreting flowers - Rediviva and Diascia. Evolution 44:1701-1707,low,Some Diascia use other oil bees.
Danaus plexippus (monarch),Asclepias spp. and other Asclepiadoideae,herbivory (larval host plant),obligate,"[R] Malcolm SB & Brower LP (1989) Evolutionary and ecological implications of cardenolide sequestration in the monarch butterfly. Experientia 45:284-295; [V] Ehrlich PR & Raven PH (1964) Butterflies and plants: a study in coevolution. Evolution 18:586-608; [V] Robinson GS, Ackery PR, Kitching IJ, Beccaloni GW, Hernandez LM. HOSTS - a database of the world's lepidopteran hostplants. Natural History Museum, London (data.nhm.ac.uk/dataset/hosts); archival version 2023",high,"Larvae feed on Asclepiadoideae (milkweeds). Monarch adults use many nectar plants (not a dependency). Obligate at subfamily level; many milkweed species so exposure should use the union of milkweed suitability, and use only milkweeds recorded in monarch range. GloBI: Asclepias is a minority of monarch 'eats' rows (see spike report), showing why raw GloBI cannot be used."
Danaus plexippus (eastern N. American migratory population),"Abies religiosa (oyamel fir) overwintering forests, Mexico",habitat dependency (overwintering),near-obligate,[V] Brower LP et al. (2012) Decline of monarch butterflies overwintering in Mexico: is the migratory phenomenon at risk? Insect Conserv Divers 5:95-100; [V] Oberhauser K & Peterson AT (2003) Modeling current and future potential wintering distributions of eastern North American monarch butterflies. PNAS 100:14063-14068,medium,"Habitat-level and microclimate-level dependency; the cited niche model projects loss of suitable overwintering climate. Resource is a forest type at a few sites, finer than a 0.5 degree grid. Do not show at v1."
Danaus chrysippus,"Asclepiadoideae (Calotropis, Asclepias, Gomphocarpus)",herbivory (larval host plant),obligate,"[V] Robinson GS, Ackery PR, Kitching IJ, Beccaloni GW, Hernandez LM. HOSTS - a database of the world's lepidopteran hostplants. Natural History Museum, London (data.nhm.ac.uk/dataset/hosts); archival version 2023; [V] Ehrlich PR & Raven PH (1964) Butterflies and plants: a study in coevolution. Evolution 18:586-608",medium,Family-level pattern from the general cite; check species list in HOSTS.
Battus philenor (pipevine swallowtail),Aristolochia spp.,herbivory (larval host plant),near-obligate,"[V] Ehrlich PR & Raven PH (1964) Butterflies and plants: a study in coevolution. Evolution 18:586-608; [V] Robinson GS, Ackery PR, Kitching IJ, Beccaloni GW, Hernandez LM. HOSTS - a database of the world's lepidopteran hostplants. Natural History Museum, London (data.nhm.ac.uk/dataset/hosts); archival version 2023",medium,"Aristolochiaceae specialist; recalled, check HOSTS. The citations support only the general pattern (host specialisation) and the HOSTS source; the specific pairing is from memory and must be confirmed in HOSTS before use."
Zerynthia polyxena,Aristolochia spp.,herbivory (larval host plant),near-obligate,"[V] Ehrlich PR & Raven PH (1964) Butterflies and plants: a study in coevolution. Evolution 18:586-608; [V] Robinson GS, Ackery PR, Kitching IJ, Beccaloni GW, Hernandez LM. HOSTS - a database of the world's lepidopteran hostplants. Natural History Museum, London (data.nhm.ac.uk/dataset/hosts); archival version 2023",medium,"Aristolochiaceae specialist; recalled, check HOSTS. The citations support only the general pattern (host specialisation) and the HOSTS source; the specific pairing is from memory and must be confirmed in HOSTS before use."
Papilio troilus (spicebush swallowtail),"Lauraceae (Lindera benzoin, Sassafras albidum)",herbivory (larval host plant),strong-preference,"[V] Ehrlich PR & Raven PH (1964) Butterflies and plants: a study in coevolution. Evolution 18:586-608; [V] Robinson GS, Ackery PR, Kitching IJ, Beccaloni GW, Hernandez LM. HOSTS - a database of the world's lepidopteran hostplants. Natural History Museum, London (data.nhm.ac.uk/dataset/hosts); archival version 2023",medium,Recalled; check HOSTS. The citations support only the general pattern (host specialisation) and the HOSTS source; the specific pairing is from memory and must be confirmed in HOSTS before use.
Papilio polyxenes (black swallowtail),Apiaceae,herbivory (larval host plant),strong-preference,"[V] Ehrlich PR & Raven PH (1964) Butterflies and plants: a study in coevolution. Evolution 18:586-608; [V] Robinson GS, Ackery PR, Kitching IJ, Beccaloni GW, Hernandez LM. HOSTS - a database of the world's lepidopteran hostplants. Natural History Museum, London (data.nhm.ac.uk/dataset/hosts); archival version 2023",medium,Family-level; recalled; check HOSTS. The citations support only the general pattern (host specialisation) and the HOSTS source; the specific pairing is from memory and must be confirmed in HOSTS before use.
Papilio machaon,Apiaceae (and some Rutaceae),herbivory (larval host plant),strong-preference,"[V] Ehrlich PR & Raven PH (1964) Butterflies and plants: a study in coevolution. Evolution 18:586-608; [V] Robinson GS, Ackery PR, Kitching IJ, Beccaloni GW, Hernandez LM. HOSTS - a database of the world's lepidopteran hostplants. Natural History Museum, London (data.nhm.ac.uk/dataset/hosts); archival version 2023",medium,Recalled; check HOSTS. The citations support only the general pattern (host specialisation) and the HOSTS source; the specific pairing is from memory and must be confirmed in HOSTS before use.
Pieris rapae (cabbage white),"Brassicaceae (and Capparaceae, Tropaeolaceae)",herbivory (larval host plant),strong-preference,"[V] Ehrlich PR & Raven PH (1964) Butterflies and plants: a study in coevolution. Evolution 18:586-608; [V] Robinson GS, Ackery PR, Kitching IJ, Beccaloni GW, Hernandez LM. HOSTS - a database of the world's lepidopteran hostplants. Natural History Museum, London (data.nhm.ac.uk/dataset/hosts); archival version 2023",medium,Includes crops (cabbage); host range is broader than one family so not near-obligate. The citations support only the general pattern (host specialisation) and the HOSTS source; the specific pairing is from memory and must be confirmed in HOSTS before use.
Anthocharis cardamines (orange tip),"Brassicaceae (Cardamine pratensis, Alliaria petiolata)",herbivory (larval host plant),strong-preference,"[V] Ehrlich PR & Raven PH (1964) Butterflies and plants: a study in coevolution. Evolution 18:586-608; [V] Robinson GS, Ackery PR, Kitching IJ, Beccaloni GW, Hernandez LM. HOSTS - a database of the world's lepidopteran hostplants. Natural History Museum, London (data.nhm.ac.uk/dataset/hosts); archival version 2023",medium,Recalled; check HOSTS. The citations support only the general pattern (host specialisation) and the HOSTS source; the specific pairing is from memory and must be confirmed in HOSTS before use.
Aglais io (peacock) and A. urticae (small tortoiseshell),Urtica dioica,herbivory (larval host plant),near-obligate,"[V] Ehrlich PR & Raven PH (1964) Butterflies and plants: a study in coevolution. Evolution 18:586-608; [V] Robinson GS, Ackery PR, Kitching IJ, Beccaloni GW, Hernandez LM. HOSTS - a database of the world's lepidopteran hostplants. Natural History Museum, London (data.nhm.ac.uk/dataset/hosts); archival version 2023",medium,Recalled; check HOSTS. Humulus is a minor alternative. The citations support only the general pattern (host specialisation) and the HOSTS source; the specific pairing is from memory and must be confirmed in HOSTS before use.
Vanessa atalanta (red admiral),"Urticaceae (Urtica, Parietaria, Boehmeria)",herbivory (larval host plant),strong-preference,"[V] Ehrlich PR & Raven PH (1964) Butterflies and plants: a study in coevolution. Evolution 18:586-608; [V] Robinson GS, Ackery PR, Kitching IJ, Beccaloni GW, Hernandez LM. HOSTS - a database of the world's lepidopteran hostplants. Natural History Museum, London (data.nhm.ac.uk/dataset/hosts); archival version 2023",medium,Recalled; check HOSTS. The citations support only the general pattern (host specialisation) and the HOSTS source; the specific pairing is from memory and must be confirmed in HOSTS before use.
Gonepteryx rhamni (brimstone),Rhamnus cathartica and Frangula alnus,herbivory (larval host plant),near-obligate,"[V] Ehrlich PR & Raven PH (1964) Butterflies and plants: a study in coevolution. Evolution 18:586-608; [V] Robinson GS, Ackery PR, Kitching IJ, Beccaloni GW, Hernandez LM. HOSTS - a database of the world's lepidopteran hostplants. Natural History Museum, London (data.nhm.ac.uk/dataset/hosts); archival version 2023",medium,Rhamnaceae specialist; recalled; check HOSTS. The citations support only the general pattern (host specialisation) and the HOSTS source; the specific pairing is from memory and must be confirmed in HOSTS before use.
Lycaena phlaeas (small copper),Rumex acetosa/acetosella,herbivory (larval host plant),strong-preference,"[V] Ehrlich PR & Raven PH (1964) Butterflies and plants: a study in coevolution. Evolution 18:586-608; [V] Robinson GS, Ackery PR, Kitching IJ, Beccaloni GW, Hernandez LM. HOSTS - a database of the world's lepidopteran hostplants. Natural History Museum, London (data.nhm.ac.uk/dataset/hosts); archival version 2023",low,Recalled; check HOSTS. The citations support only the general pattern (host specialisation) and the HOSTS source; the specific pairing is from memory and must be confirmed in HOSTS before use.
Hesperia comma (silver-spotted skipper),Festuca ovina,herbivory (larval host plant),near-obligate,"[V] Ehrlich PR & Raven PH (1964) Butterflies and plants: a study in coevolution. Evolution 18:586-608; [V] Robinson GS, Ackery PR, Kitching IJ, Beccaloni GW, Hernandez LM. HOSTS - a database of the world's lepidopteran hostplants. Natural History Museum, London (data.nhm.ac.uk/dataset/hosts); archival version 2023",low,UK/Europe; recalled; local specialisation. The citations support only the general pattern (host specialisation) and the HOSTS source; the specific pairing is from memory and must be confirmed in HOSTS before use.
Parnassius apollo,Sedum spp.,herbivory (larval host plant),near-obligate,"[V] Ehrlich PR & Raven PH (1964) Butterflies and plants: a study in coevolution. Evolution 18:586-608; [V] Robinson GS, Ackery PR, Kitching IJ, Beccaloni GW, Hernandez LM. HOSTS - a database of the world's lepidopteran hostplants. Natural History Museum, London (data.nhm.ac.uk/dataset/hosts); archival version 2023",low,Montane; declining; recalled; check. The citations support only the general pattern (host specialisation) and the HOSTS source; the specific pairing is from memory and must be confirmed in HOSTS before use.
Parnassius mnemosyne,Corydalis spp.,herbivory (larval host plant),near-obligate,"[V] Ehrlich PR & Raven PH (1964) Butterflies and plants: a study in coevolution. Evolution 18:586-608; [V] Robinson GS, Ackery PR, Kitching IJ, Beccaloni GW, Hernandez LM. HOSTS - a database of the world's lepidopteran hostplants. Natural History Museum, London (data.nhm.ac.uk/dataset/hosts); archival version 2023",low,Recalled; check. The citations support only the general pattern (host specialisation) and the HOSTS source; the specific pairing is from memory and must be confirmed in HOSTS before use.
Speyeria spp. (greater fritillaries),Viola spp.,herbivory (larval host plant),near-obligate,"[V] Ehrlich PR & Raven PH (1964) Butterflies and plants: a study in coevolution. Evolution 18:586-608; [V] Robinson GS, Ackery PR, Kitching IJ, Beccaloni GW, Hernandez LM. HOSTS - a database of the world's lepidopteran hostplants. Natural History Museum, London (data.nhm.ac.uk/dataset/hosts); archival version 2023",medium,Genus-level; recalled; check HOSTS. The citations support only the general pattern (host specialisation) and the HOSTS source; the specific pairing is from memory and must be confirmed in HOSTS before use.
Euphydryas phaeton (Baltimore checkerspot),"Chelone glabra (and Plantago, Lonicera)",herbivory (larval host plant),strong-preference,"[V] Ehrlich PR & Raven PH (1964) Butterflies and plants: a study in coevolution. Evolution 18:586-608; [V] Robinson GS, Ackery PR, Kitching IJ, Beccaloni GW, Hernandez LM. HOSTS - a database of the world's lepidopteran hostplants. Natural History Museum, London (data.nhm.ac.uk/dataset/hosts); archival version 2023",low,Locally switches hosts; recalled. The citations support only the general pattern (host specialisation) and the HOSTS source; the specific pairing is from memory and must be confirmed in HOSTS before use.
Heliconius spp.,Passiflora spp.,herbivory (larval host plant),near-obligate,"[V] Ehrlich PR & Raven PH (1964) Butterflies and plants: a study in coevolution. Evolution 18:586-608; [V] Robinson GS, Ackery PR, Kitching IJ, Beccaloni GW, Hernandez LM. HOSTS - a database of the world's lepidopteran hostplants. Natural History Museum, London (data.nhm.ac.uk/dataset/hosts); archival version 2023",medium,Passifloraceae specialists (Passiflora/Adenia); genus-level; recalled; check HOSTS. The citations support only the general pattern (host specialisation) and the HOSTS source; the specific pairing is from memory and must be confirmed in HOSTS before use.
Manduca sexta (tobacco hornworm),Solanaceae,herbivory (larval host plant),strong-preference,"[V] Kitching IJ & Cadiou J-M (2000) Hawkmoths of the world: an annotated and illustrated revisionary checklist. Natural History Museum, London; [V] Robinson GS, Ackery PR, Kitching IJ, Beccaloni GW, Hernandez LM. HOSTS - a database of the world's lepidopteran hostplants. Natural History Museum, London (data.nhm.ac.uk/dataset/hosts); archival version 2023",medium,"Includes crops (tobacco, tomato); recalled; check HOSTS and Kitching & Cadiou 2000 for hawkmoth hosts. The citations support only the general pattern (host specialisation) and the HOSTS source; the specific pairing is from memory and must be confirmed in HOSTS before use."
Bombyx mori (domesticated silkworm),Morus spp.,herbivory (larval host plant),obligate,"[V] Ehrlich PR & Raven PH (1964) Butterflies and plants: a study in coevolution. Evolution 18:586-608; [V] Robinson GS, Ackery PR, Kitching IJ, Beccaloni GW, Hernandez LM. HOSTS - a database of the world's lepidopteran hostplants. Natural History Museum, London (data.nhm.ac.uk/dataset/hosts); archival version 2023",medium,Domesticated; not wild distribution. Do not model. The citations support only the general pattern (host specialisation) and the HOSTS source; the specific pairing is from memory and must be confirmed in HOSTS before use.
Phengaris (Maculinea) arion (large blue),Myrmica sabuleti,parasitism of ant colony (social parasite),obligate,"[V] Thomas JA, Simcox DJ, Clarke RT (2009) Successful conservation of a threatened Maculinea butterfly. Science 325:80-83",high,"Larvae survive only in Myrmica nests, primarily M. sabuleti per the cited study. Also needs Thymus/Origanum as young-larval food. Threatened in much of Europe; likely out of scope; useful test case."
Phengaris (Maculinea) arion,Thymus spp. / Origanum vulgare,herbivory (early larval host plant),obligate,"[V] Thomas JA, Simcox DJ, Clarke RT (2009) Successful conservation of a threatened Maculinea butterfly. Science 325:80-83",medium,Early instars feed on flowers of these plants (recalled; check).
Quercus robur (English oak),"(consumers: Cynipidae gall wasps, Lepidoptera, etc.)",herbivory by many insect species (resource side),generalist,[V] Kennedy CEJ & Southwood TRE (1984) The number of species of insects associated with British trees: a re-analysis. J Anim Ecol 53:455-478; [V] Tallamy DW & Shropshire KJ (2009) Ranking lepidopteran use of native versus introduced plants. Conserv Biol 23:941-947,high,"The oak is a resource for hundreds of insect species, but oak does not depend on them. Kennedy & Southwood report ~284 insect species on British oak (recalled number, not read); Tallamy & Shropshire report Quercus supporting the most Lepidoptera among mid-Atlantic genera. Per-insect dependency is a different row (below)."
Andricus and other oak gall wasps (Cynipidae),Quercus spp. (often section-specific; many have alternating generations on different oak sections),herbivory (gall inducers),near-obligate,[V] Stone GN et al. (2002) The population biology of oak gall wasps (Hymenoptera: Cynipidae). Annu Rev Entomol 47:633-668,medium,"Cynipini are largely restricted to Fagaceae, mostly Quercus; host sections are specific. Species-level rows to be curated from Stone et al. and national checklists."
Operophtera brumata (winter moth),Quercus robur and many other trees,herbivory (leaf),generalist,"[V] Robinson GS, Ackery PR, Kitching IJ, Beccaloni GW, Hernandez LM. HOSTS - a database of the world's lepidopteran hostplants. Natural History Museum, London (data.nhm.ac.uk/dataset/hosts); archival version 2023",medium,Polyphagous; recalled. Illustrates a heavy oak user that is not dependent.
Tortrix viridana (green oak leaf roller),Quercus spp.,herbivory (leaf),near-obligate,"[V] Robinson GS, Ackery PR, Kitching IJ, Beccaloni GW, Hernandez LM. HOSTS - a database of the world's lepidopteran hostplants. Natural History Museum, London (data.nhm.ac.uk/dataset/hosts); archival version 2023",low,Recalled: oligophagous on Quercus; check HOSTS.
Daktulosphaira vitifoliae (grape phylloxera),Vitis spp.,herbivory (root/leaf galling),obligate,[V] Granett J et al. (2001) Biology and management of grape phylloxera. Annu Rev Entomol 46:387-412,high,Vitis-specific; V. vinifera on own roots is highly susceptible. Wine grape appears here as a resource.
Plasmopara viticola (downy mildew),Vitis spp.,pathogen of host (obligate biotroph),obligate,[G] GloBI API record observed 2026-10-06 (association only; no literature support checked),medium,Obligate biotroph by general biology (recalled); GloBI shows hostOf records with V. vinifera. Climate-sensitive pathogen; check literature before display.
Erysiphe necator (grape powdery mildew),Vitis spp.,pathogen of host (obligate biotroph),obligate,[G] GloBI API record observed 2026-10-06 (association only; no literature support checked),medium,As above.
Bactrocera oleae (olive fruit fly),Olea europaea and wild olives,herbivory (fruit),near-obligate,[V] Daane KM & Johnson MW (2010) Olive fruit fly: managing an ancient pest in modern times. Annu Rev Entomol 55:151-169,high,"Described as the major pest of commercial olives, essentially olive-specific (recalled)."
Dendroctonus ponderosae (mountain pine beetle),"Pinus contorta, P. ponderosa and other Pinus",herbivory (bark beetle),strong-preference,[V] Raffa KF et al. (2008) Cross-scale drivers of natural disturbances prone to anthropogenic amplification: the dynamics of bark beetle eruptions. BioScience 58:501-517,medium,Many Pinus hosts; climate-driven range change is the point of the cited paper.
Agrilus planipennis (emerald ash borer),Fraxinus spp.,herbivory (wood borer),near-obligate,"[R] Herms DA & McCullough DG (2014) Emerald ash borer invasion of North America: history, biology, ecology, impacts, and management. Annu Rev Entomol 59:13-30",medium,"Invasive in N. America; the relationship is stable but distribution is invasion-driven, not climate-limited alone. Citation not confirmed."
Adelges tsugae (hemlock woolly adelgid),Tsuga spp.,herbivory (sap),near-obligate,[N] No citation verified,low,Recalled; needs citation.
Aphis glycines (soybean aphid),Rhamnus cathartica (overwintering host) and Glycine max (summer host),host alternation,obligate,"[V] Ragsdale DW, Voegtlin DJ, O'Neil RJ (2004) Soybean aphid biology in North America. Ann Entomol Soc Am 97:204-208",medium,Both hosts needed for the sexual cycle (cited review; details recalled). Rhamnus cathartica is itself invasive in N. America.
Diabrotica virgifera (western corn rootworm),Zea mays,herbivory (root),strong-preference,[N] No citation verified,low,Larvae need maize/ a few grasses; recalled.
Anthonomus grandis (boll weevil),Gossypium spp.,herbivory (flower buds),near-obligate,[N] No citation verified,low,Recalled.
Hypothenemus hampei (coffee berry borer),Coffea spp.,herbivory (seed),near-obligate,[N] No citation verified,low,Recalled.
Hemileia vastatrix (coffee leaf rust),Coffea spp.,pathogen of host (obligate biotroph),obligate,[N] No citation verified,low,Recalled.
Cactoblastis cactorum,Opuntia spp.,herbivory (stem borer),near-obligate,[N] No citation verified,low,Recalled.
Dactylopius coccus (cochineal),Opuntia spp.,herbivory (sap),obligate,[N] No citation verified,low,Domesticated lineage; recalled.
Choristoneura fumiferana (spruce budworm),"Abies balsamea, Picea spp.",herbivory (leaf),strong-preference,[N] No citation verified,low,Recalled.
Lymantria dispar (spongy moth),many trees (Quercus preferred),herbivory (leaf),generalist,"[V] Robinson GS, Ackery PR, Kitching IJ, Beccaloni GW, Hernandez LM. HOSTS - a database of the world's lepidopteran hostplants. Natural History Museum, London (data.nhm.ac.uk/dataset/hosts); archival version 2023",medium,Polyphagous; recalled.
Peponapis pruinosa (squash bee),Cucurbita spp.,pollen resource (oligolecty),strong-preference,[V] Wcislo WT & Cane JH (1996) Floral resource utilization by solitary bees (Hymenoptera: Apoidea) and exploitation of their stored foods by natural enemies. Annu Rev Entomol 41:257-286,medium,Oligolectic bees collect pollen from one genus/family. Oligolectic on Cucurbita (recalled). Rarely strict at species level; class is strong-preference unless the study shows exclusive use.
Habropoda laboriosa (southeastern blueberry bee),Vaccinium spp.,pollen resource (oligolecty),strong-preference,[V] Wcislo WT & Cane JH (1996) Floral resource utilization by solitary bees (Hymenoptera: Apoidea) and exploitation of their stored foods by natural enemies. Annu Rev Entomol 41:257-286,medium,Oligolectic bees collect pollen from one genus/family. Recalled. Rarely strict at species level; class is strong-preference unless the study shows exclusive use.
Diadasia rinconis,Opuntia spp. (Cactaceae),pollen resource (oligolecty),strong-preference,[V] Wcislo WT & Cane JH (1996) Floral resource utilization by solitary bees (Hymenoptera: Apoidea) and exploitation of their stored foods by natural enemies. Annu Rev Entomol 41:257-286,low,Oligolectic bees collect pollen from one genus/family. Recalled. Rarely strict at species level; class is strong-preference unless the study shows exclusive use.
Andrena erythronii,Erythronium spp.,pollen resource (oligolecty),strong-preference,[V] Wcislo WT & Cane JH (1996) Floral resource utilization by solitary bees (Hymenoptera: Apoidea) and exploitation of their stored foods by natural enemies. Annu Rev Entomol 41:257-286,low,Oligolectic bees collect pollen from one genus/family. Spring-ephemeral specialist; recalled. Rarely strict at species level; class is strong-preference unless the study shows exclusive use.
Andrena hippotes,Dodecatheon / Primula spp.,pollen resource (oligolecty),strong-preference,[V] Wcislo WT & Cane JH (1996) Floral resource utilization by solitary bees (Hymenoptera: Apoidea) and exploitation of their stored foods by natural enemies. Annu Rev Entomol 41:257-286,low,Oligolectic bees collect pollen from one genus/family. Recalled. Rarely strict at species level; class is strong-preference unless the study shows exclusive use.
Bertholletia excelsa (Brazil nut),"large-bodied bees (Eulaema, Xylocopa, Bombus, Centris, Epicharis)",pollination,near-obligate,[V] 'Pollen and seed dispersal of brazil nut trees in the southwestern Brazilian Amazon' (Embrapa publication 1093559; authors/venue not confirmed),low,"Flower structure admits only strong bees (search summary; not read). Resource is a group, not a species."
Bertholletia excelsa,Dasyprocta spp. (agoutis),seed dispersal (scatter-hoarding),near-obligate,[V] 'Pollen and seed dispersal of brazil nut trees in the southwestern Brazilian Amazon' (Embrapa publication 1093559; authors/venue not confirmed),low,Agoutis disperse and bury seeds (search summary; not read).
"Agave spp. (paniculate, bat-adapted)",Leptonycteris yerbabuenae,pollination,strong-preference,"[V] Trejo-Salazar R-E et al. (2016) Save our bats, save our tequila: industry and science join forces to help bats and agaves. Nat Areas J 36(4)",medium,Bats are main functional pollinators in several agaves; cultivated tequila agave is clonal and not a good example.
Adansonia digitata (baobab),fruit bats (e.g. Eidolon helvum),pollination,strong-preference,[V] Baum DA (1995) The comparative pollination and floral biology of baobabs (Adansonia - Bombacaceae). Ann Missouri Bot Gard 82:322-348,medium,Bat-pollinated per the cited review; hawkmoths and others may also visit; bat species identity recalled.
Theobroma cacao,Forcipomyia midges (Ceratopogonidae),pollination,near-obligate,[N] No citation verified,low,Recalled; no citation verified; check before use.
Pinus albicaulis (whitebark pine),Nucifraga columbiana (Clark's nutcracker),seed dispersal (caching),near-obligate,[V] Tomback DF (1982) Dispersal of whitebark pine seeds by Clark's nutcracker: a mutualism hypothesis. J Anim Ecol 51:451-467,high,Wingless seeds in indehiscent cones; nutcracker is the main disperser. Pine is of conservation concern.
Nucifraga columbiana,Pinus albicaulis (and other large-seeded pines),food (seed caching),strong-preference,[V] Tomback DF (1982) Dispersal of whitebark pine seeds by Clark's nutcracker: a mutualism hypothesis. J Anim Ecol 51:451-467,medium,"Uses other pines (P. flexilis, P. edulis, P. ponderosa); not obligate for the bird."
Pinus cembra (Swiss stone pine),Nucifraga caryocatactes (spotted nutcracker),seed dispersal (caching),near-obligate,[N] No citation verified,low,Recalled analog; needs citation.
Pinus edulis (pinyon),Gymnorhinus cyanocephalus (pinyon jay) and Aphelocoma/Nucifraga,seed dispersal,strong-preference,[N] No citation verified,low,Recalled; needs citation.
Quercus spp.,Garrulus glandarius (Eurasian jay),seed dispersal (acorn caching),strong-preference,[N] No citation verified,low,"Jay-dispersed acorns drive oak colonisation in Europe (recalled; Pons & Pausas 2007 Oecologia, not verified)."
Vachellia (Acacia) cornigera,Pseudomyrmex ferrugineus,protection mutualism (ant-plant),obligate,[V] Janzen DH (1966) Coevolution of mutualism between ants and acacias in Central America. Evolution 20:249-275,high,Both partners are obligate in the Central American ant-acacias (cited).
Pseudomyrmex ferrugineus,Vachellia (Acacia) cornigera,nesting and food (ant-plant),obligate,[V] Janzen DH (1966) Coevolution of mutualism between ants and acacias in Central America. Evolution 20:249-275,high,Reciprocal.
Atta and Acromyrmex (leafcutter ants),Leucoagaricus gongylophorus (cultivated fungus),fungus farming,obligate,[V] Mueller UG et al. (2005) The evolution of agriculture in insects. Annu Rev Ecol Evol Syst 36 (pages not confirmed),medium,"Fungus is vertically transmitted; citation end pages and details not confirmed. Resource is a cultivated symbiont, not a free-living range."
Macrotermes spp. (fungus-growing termites),Termitomyces spp.,fungus farming,obligate,[V] Aanen DK et al. (2002) The evolution of fungus-growing termites and their mutualistic fungal symbionts. PNAS 99:14887-14892,medium,Reverse: Termitomyces is not free-living; Old World.
Larix spp.,Suillus grevillei / S. tridentinus,mycorrhizal (ectomycorrhiza),strong-preference,"[V] Tedersoo L, May TW, Smith ME (2010) Ectomycorrhizal lifestyle in fungi: global diversity, distribution, and evolution of phylogenetic lineages. Mycorrhiza 20:217-263 (end page recalled)",low,"Suillus species are highly host-specific at host genus level (search summary); species rows here are recalled; trees associate with many fungi, so the tree side is generalist."
"Pinus spp. (Pinaceae, ectomycorrhizal trees)",ectomycorrhizal fungi (many species),mycorrhizal (ectomycorrhiza),generalist,"[V] Soudzilovskaia NA et al. (2020) FungalRoot: global online database of plant mycorrhizal associations. New Phytol 227:955-966; [V] Tedersoo L, May TW, Smith ME (2010) Ectomycorrhizal lifestyle in fungi: global diversity, distribution, and evolution of phylogenetic lineages. Mycorrhiza 20:217-263 (end page recalled)",high,"Trees depend on the guild, not on a single fungus. Do not display."
Acer saccharum (sugar maple),arbuscular mycorrhizal fungi (many species),mycorrhizal (arbuscular),generalist,[V] Soudzilovskaia NA et al. (2020) FungalRoot: global online database of plant mycorrhizal associations. New Phytol 227:955-966,medium,"AM trees; FungalRoot records mycorrhizal type, not obligate partners. Type for this species to be confirmed in FungalRoot."
Monotropa uniflora (ghost pipe),Russula spp.,mycoheterotrophy,obligate,[N] No citation verified,low,"Recalled (Bidartondo & Bruns, not verified). Fully mycoheterotrophic plant and its few fungal hosts, which in turn are mycorrhizal on trees (tripartite)."
Rafflesia spp.,Tetrastigma spp. (Vitaceae),parasitic plant (holoparasite),obligate,[V] Nikolov LA et al. (2014) Holoparasitic Rafflesiaceae possess the most reduced endophytes and yet give rise to the world's largest flowers. Ann Bot (vol/pages not confirmed),high,Obligate holoparasites of Tetrastigma. Narrow endemics; likely out of v1 scope.
Viscum album (mistletoe),"host trees (Malus, Populus, Abies, Pinus - host races)",parasitic plant (hemiparasite),strong-preference,[N] No citation verified,low,Host races; recalled (needs citation).
Striga hermonthica (witchweed),"Sorghum, Zea mays, Pennisetum",parasitic plant (hemiparasite),strong-preference,[N] No citation verified,low,Recalled; crop pest; check citation.
Lynx canadensis (Canada lynx),Lepus americanus (snowshoe hare),predation,near-obligate,[V] Krebs CJ et al. (2001) What drives the 10-year cycle of snowshoe hares? BioScience 51:25-35,medium,Hare is the dominant prey in the northern range (cited source studies the hare cycle; the lynx specialisation is recalled). Lynx also takes other prey at hare lows.
Mustela nigripes (black-footed ferret),Cynomys spp. (prairie dogs),predation,obligate,[N] No citation verified,low,Endangered; out of scope; recalled.
Bubo scandiacus (snowy owl),Lemmus / Dicrostonyx lemmings,predation,strong-preference,[N] No citation verified,low,Recalled.
"Vulpes lagopus (Arctic fox, inland populations)",Lemmus / Dicrostonyx lemmings,predation,strong-preference,[N] No citation verified,low,Coastal populations use marine subsidies; recalled.
Phascolarctos cinereus (koala),Eucalyptus spp. (a small subset of species),herbivory (folivore),near-obligate,[N] No citation verified,low,Vulnerable/endangered status in parts of range; recalled; out of scope for v1.
Ailuropoda melanoleuca (giant panda),Bambusoideae (bamboos),herbivory,near-obligate,[N] No citation verified,low,Threatened; out of scope; recalled.
Ixodes scapularis (blacklegged tick),vertebrate hosts (>200 host names in GloBI),parasitism (blood feeding),generalist,"[G] GloBI API record observed 2026-10-06 (association only; no literature support checked); [V] LoGiudice K, Ostfeld RS, Schmidt KA, Keesing F (2003) The ecology of infectious disease: effects of host diversity and community composition on Lyme disease risk. PNAS 100:567-571 (pages recalled); [V] Brunner JL & Ostfeld RS (2008) Multiple causes of variable tick burdens on small-mammal hosts. Ecology 89:2259-2272",high,"Pilot species. Host breadth is broad; hosts matter for abundance, not for presence. Larvae/nymphs feed on small mammals/birds, adults on deer. Present as a climate/habitat species, never as host-dependent."
Ixodes scapularis,"Odocoileus virginianus (white-tailed deer, adult stage)",parasitism (blood feeding),strong-preference,[V] Brunner JL & Ostfeld RS (2008) Multiple causes of variable tick burdens on small-mammal hosts. Ecology 89:2259-2272,low,Adults feed mainly on deer but also other large mammals. Not obligate. Source is about small-mammal burdens; deer role is recalled.
Borrelia burgdorferi (Lyme agent),Ixodes scapularis and Ixodes ricinus (vectors),vector-borne disease,near-obligate,"[V] LoGiudice K, Ostfeld RS, Schmidt KA, Keesing F (2003) The ecology of infectious disease: effects of host diversity and community composition on Lyme disease risk. PNAS 100:567-571 (pages recalled)",medium,Vector genus Ixodes (recalled); reservoir hosts such as Peromyscus leucopus matter for infection prevalence (cited).
Aedes aegypti,Homo sapiens,parasitism (blood feeding),strong-preference,[V] Takken W & Verhulst NO (2013) Host preferences of blood-feeding mosquitoes. Annu Rev Entomol 58:433-453,medium,Domestic form shows strong human preference per the cited review (claim recalled in detail); zoophilic forms exist.
Anopheles gambiae s.s.,Homo sapiens,parasitism (blood feeding),strong-preference,[V] Takken W & Verhulst NO (2013) Host preferences of blood-feeding mosquitoes. Annu Rev Entomol 58:433-453,medium,Anthropophilic (recalled from the review); other Anopheles are zoophilic.
Culex pipiens complex,birds and mammals,parasitism (blood feeding),generalist,[V] Takken W & Verhulst NO (2013) Host preferences of blood-feeding mosquitoes. Annu Rev Entomol 58:433-453,medium,Host use varies by form and season.
Aedes albopictus,many vertebrate hosts,parasitism (blood feeding),generalist,[V] Kraemer MUG et al. (2015) The global distribution of the arbovirus vectors Aedes aegypti and Ae. albopictus. eLife 4:e08347; [V] Takken W & Verhulst NO (2013) Host preferences of blood-feeding mosquitoes. Annu Rev Entomol 58:433-453,medium,Opportunistic feeder (recalled).
Plasmodium falciparum,Anopheles spp. (vectors) and Homo sapiens,vector-borne disease,obligate,[V] Sinka ME et al. (2012) A global map of dominant malaria vectors. Parasit Vectors 5:69,high,Needs competent Anopheles vectors; 41 dominant vector species/complexes in the cited map. Resource is a set of species varying by region.
Schistosoma mansoni,Biomphalaria spp. (snails),intermediate host (parasite),obligate,"[V] Colley DG, Bustinduy AL, Secor WE, King CH (2014) Human schistosomiasis. Lancet 383:2253-2264",medium,Snail genus per general knowledge of the system; the cited review covers schistosomiasis broadly (genus-level detail recalled).
Schistosoma haematobium,Bulinus spp. (snails),intermediate host (parasite),obligate,"[V] Colley DG, Bustinduy AL, Secor WE, King CH (2014) Human schistosomiasis. Lancet 383:2253-2264",medium,As above.
Dengue virus,Aedes aegypti (primary vector),vector-borne disease,near-obligate,[V] Kraemer MUG et al. (2015) The global distribution of the arbovirus vectors Aedes aegypti and Ae. albopictus. eLife 4:e08347,medium,Ae. albopictus is a secondary vector (recalled).
Onchocerca volvulus,Simulium spp. (blackflies),vector-borne disease,obligate,[N] No citation verified,low,Recalled; needs citation.
Turdus migratorius (American robin),"fruit and invertebrates (earthworms, many fruits)",diet,generalist,[G] GloBI API record observed 2026-10-06 (association only; no literature support checked),high,GloBI shows 616 'eats' rows across about 859 distinct partner names. Diet breadth means no dependency to show.
Erithacus rubecula (European robin),invertebrates and fruits,diet,generalist,[G] GloBI API record observed 2026-10-06 (association only; no literature support checked),high,"GloBI shows 2,215 'eats' and 1,685 'preysOn' rows across about 4,019 partner names; includes dispersal-vector records (54)."
Acer saccharum (sugar maple),"pollinators (insects, wind)",pollination,generalist,[G] GloBI API record observed 2026-10-06 (association only; no literature support checked),medium,"GloBI shows 50 pollinatedBy rows, no specialist."
Vitis vinifera (wine grape),pollinators,pollination,generalist,[N] No citation verified,medium,Self-fertile hermaphroditic cultivars; recalled; wild populations wind/insect.
Apis mellifera (honey bee),flowering plants (many),pollen/nectar,generalist,[N] No citation verified,high,Textbook generalist.
Bombus spp. (bumble bees),flowering plants (many),pollen/nectar,generalist,[V] Wcislo WT & Cane JH (1996) Floral resource utilization by solitary bees (Hymenoptera: Apoidea) and exploitation of their stored foods by natural enemies. Annu Rev Entomol 41:257-286,medium,Mostly polylectic.
Quercus robur (English oak),Erysiphe alphitoides (oak powdery mildew) and other pathogens,pathogen of host,generalist,[G] GloBI API record observed 2026-10-06 (association only; no literature support checked),medium,"GloBI lists Erysiphe alphitoides; the oak is the resource, not the dependent."
