rank_overall,group,gbif_taxon_key,scientific_name,common_name,rank,family,region_assigned,region_basis,occ_continent_shares,inat_taxon_id,inat_obs_count,gbif_records,wikipedia_title,wikidata_id,pageviews_12m,popularity_score,iucn_category,flag_threatened,flag_data_deficient,flag_narrow_range,flag_marine,flag_domestic_or_oddity,flag_invasive_or_introduced,cultivated_or_note,must_include,source,lat_p5,lat_p95,lon_p5,lon_p95,gbif_sample_cells05,exclusion_reasons
1,bird,2495414,Columba livia,Rock Pigeon,species,Columbidae,NORTH_AMERICA,gbif majority records,NORTH_AMERICA:0.58;EUROPE:0.20;ASIA:0.13;SOUTH_AMERICA:0.04;OCEANIA:0.04,3017,463747,15581294,Rock dove,Q42326,328505,0.9647,LC,,,,,Y,,,,inat_pool,57.78,67.28,5.35,18.04,90,domestic
2,wild_plant,8351737,Hedera helix,common ivy,species,Araliaceae,EUROPE,gbif majority records,EUROPE:0.96,55882,184321,1279443,Hedera helix,Q26354,122620,0.944,NE,,,Y,,,,,,inat_pool,51.0,52.8,4.45,7.0,41,narrow
3,mammal,2435035,Felis catus,Domestic Cat,species,Felidae,EUROPE,gbif majority records,EUROPE:0.35;OCEANIA:0.32;ASIA:0.14;NORTH_AMERICA:0.14;SOUTH_AMERICA:0.03,118552,196765,221086,Cat,Q146,3205701,0.9298,NE,,,,,Y,,,,inat_pool,12.33,53.15,-111.11,128.03,150,domestic
4,tree,3189815,Aesculus hippocastanum,horse-chestnut,species,Sapindaceae,EUROPE,manual (native/origin),EUROPE:0.97,84298,78178,353633,Aesculus hippocastanum,Q26899,143548,0.9244,VU,Y,,,,,,ornamental,,seed,44.47,53.94,-79.95,15.45,116,threatened_VU
5,mammal,2441022,Bos taurus,Domestic Cattle,species,Bovidae,SOUTH_AMERICA,gbif majority records,SOUTH_AMERICA:0.79;EUROPE:0.11;OCEANIA:0.09,74113,57877,442821,Cattle,Q830,869793,0.8882,NE,,,,,Y,,,,inat_pool,1.49,52.85,-98.11,88.37,94,domestic
6,tree,3021730,Prunus cerasifera,Cherry-plum,species,Rosaceae,EUROPE,gbif majority records,EUROPE:0.86;NORTH_AMERICA:0.10,55837,57882,145203,Prunus cerasifera,Q146951,100060,0.8748,DD,,Y,,,,,,,inat_pool,44.76,54.38,-122.18,34.23,156,dd
7,mammal,5219858,Ondatra zibethicus,Muskrat,species,Cricetidae,EUROPE,gbif majority records,EUROPE:0.96;NORTH_AMERICA:0.04,45763,59461,1168664,Muskrat,Q26283,283985,0.8717,LC,,,Y,,,,,,inat_pool,50.74,51.28,2.86,4.44,13,narrow
8,mammal,2436940,Oryctolagus cuniculus,European Rabbit,species,Leporidae,EUROPE,gbif majority records,EUROPE:0.73;OCEANIA:0.20;SOUTH_AMERICA:0.05,43151,71840,795012,European rabbit,Q25851,255856,0.861,EN,Y,,,,Y,Y,,,inat_pool,-43.16,55.46,-61.3,169.23,157,threatened_EN;domestic
9,mammal,2440012,Phascolarctos cinereus,Koala,species,Phascolarctidae,OCEANIA,gbif majority records,OCEANIA:1.00,42983,46865,450926,Koala,Q36101,618485,0.8596,VU,Y,,,,,,,,inat_pool,-38.36,-27.31,138.65,153.15,48,threatened_VU
10,herp,2443002,Trachemys scripta,Pond Slider,species,Emydidae,NORTH_AMERICA,gbif majority records,NORTH_AMERICA:0.63;EUROPE:0.31;ASIA:0.05,39782,259368,247119,Pond slider,Q142985,44130,0.8517,LC,,,,,Y,Y,,,inat_pool,1.34,41.04,-121.98,104.08,132,domestic
11,mammal,5219200,Canis familiaris,Domestic Dog,species,Canidae,OCEANIA,gbif majority records,OCEANIA:0.56;EUROPE:0.21;ASIA:0.09;SOUTH_AMERICA:0.08;NORTH_AMERICA:0.05,47144,158091,90271,Dog,Q144,2061776,0.8496,NE,,,,,Y,,,,inat_pool,-28.02,52.37,-96.73,144.83,173,domestic
12,herp,2431776,Salamandra salamandra,Fire Salamander,species,Salamandridae,EUROPE,gbif majority records,EUROPE:1.00,27726,60439,244017,Fire salamander,Q26395,75773,0.8274,VU,Y,,,,,,,,inat_pool,41.31,53.07,-8.24,14.41,90,threatened_VU
13,crop,9151957,Medicago sativa,Alfalfa,species,Fabaceae,ASIA,manual (native/origin),EUROPE:0.88;NORTH_AMERICA:0.07,57057,75463,294935,Alfalfa,Q156106,216676,0.8171,LC,,,Y,,,,cultivated; forage legume,,seed,50.8,52.95,3.8,6.26,36,narrow
14,bird,6065824,Chroicocephalus ridibundus,Black-headed Gull,species,Laridae,EUROPE,gbif majority records,EUROPE:0.96;ASIA:0.03,144510,188452,6857008,Black-headed gull,Q25634,70819,0.8068,NE,,,Y,Y,,,,,inat_pool,54.86,56.51,8.79,12.55,41,marine;narrow
15,tree,2683909,Sequoia sempervirens,coast redwood,species,Cupressaceae,NORTH_AMERICA,manual (native/origin),NORTH_AMERICA:0.76;EUROPE:0.23,47372,42552,25345,Sequoia sempervirens,Q150129,219691,0.8019,EN,Y,,,,,,,,seed,36.46,41.79,-124.12,-121.68,30,threatened_EN
16,mammal,2439261,Rattus norvegicus,Brown Rat,species,Muridae,EUROPE,gbif majority records,EUROPE:0.92;NORTH_AMERICA:0.04,44576,37936,255260,Brown rat,Q184224,244353,0.7875,LC,,,,,Y,,,,inat_pool,50.78,56.14,3.27,12.98,28,domestic
17,mammal,2440886,Equus caballus,Domestic Horse,species,Equidae,SOUTH_AMERICA,gbif majority records,SOUTH_AMERICA:0.59;EUROPE:0.20;OCEANIA:0.11;NORTH_AMERICA:0.08,209233,48341,92035,Horse,Q726,960480,0.7855,NE,,,,,Y,,,,inat_pool,-35.77,52.16,-119.34,130.78,153,domestic
18,mammal,2434793,Phoca vitulina,Harbor Seal,species,Phocidae,EUROPE,gbif majority records,EUROPE:0.75;NORTH_AMERICA:0.25,41708,74403,339776,Harbor seal,Q26913,148675,0.7847,LC,,,,Y,,,,,inat_pool,40.74,56.35,-121.89,12.09,49,marine
19,tree,5361872,Ulmus americana,American elm,species,Ulmaceae,NORTH_AMERICA,gbif majority records,NORTH_AMERICA:1.00,53547,80636,45560,Ulmus americana,Q469382,48569,0.7839,EN,Y,,,,,,,,inat_pool,29.77,45.34,-97.84,-73.93,131,threatened_EN
20,mammal,2441110,Ovis aries,Domestic Sheep,species,Bovidae,EUROPE,gbif majority records,EUROPE:0.93;SOUTH_AMERICA:0.04,121578,27835,159299,Sheep,Q7368,561711,0.7798,NE,,,Y,,Y,,,,inat_pool,-35.3,-35.3,149.07,149.07,1,domestic;narrow
21,mammal,7952072,Lepus europaeus,Brown Hare,species,Leporidae,EUROPE,gbif majority records,EUROPE:0.92;SOUTH_AMERICA:0.04;OCEANIA:0.04,43128,51355,1267996,European hare,Q26838,100086,0.7766,LC,,,Y,,,,,,inat_pool,51.3,53.16,3.75,6.8,44,narrow
22,bird,2481139,Larus argentatus,European Herring Gull,species,Laridae,EUROPE,gbif majority records,EUROPE:0.99,204533,87103,7718250,European herring gull,Q28236,81654,0.7683,LC,,,,Y,,,,,inat_pool,53.05,56.71,4.88,12.64,64,marine
23,tree,5361866,Ulmus glabra,Wych Elm,species,Ulmaceae,EUROPE,manual (native/origin),EUROPE:1.00,170056,26080,397690,Ulmus glabra,Q147498,36153,0.7638,DD,,Y,,,,,,,seed,46.61,59.95,-0.98,49.45,118,dd
24,tree,3040227,Populus nigra,Black Poplar,species,Salicaceae,EUROPE,manual (native/origin),EUROPE:0.98,47565,33061,214992,Populus nigra,Q147064,34210,0.7617,DD,,Y,,,,,,,seed,37.67,53.97,-8.72,57.55,187,dd
25,bird,2481134,Larus delawarensis,Ring-billed Gull,species,Laridae,NORTH_AMERICA,gbif majority records,NORTH_AMERICA:1.00,4364,174948,11228859,Ring-billed gull,Q754885,24363,0.7522,LC,,,,Y,,,,,inat_pool,28.04,44.68,-122.28,-71.35,133,marine
26,crop,3190638,Mangifera indica,Indian mango,species,Anacardiaceae,ASIA,manual (native/origin),ASIA:0.89;SOUTH_AMERICA:0.04;AFRICA:0.03,48872,40973,148961,Mangifera indica,Q3919027,163294,0.7499,DD,,Y,,,,,cultivated; fruit,,seed,-6.74,25.23,-86.87,108.54,131,dd
27,mammal,2441056,Capra hircus,Domestic Goat,species,Bovidae,OCEANIA,gbif majority records,OCEANIA:0.60;SOUTH_AMERICA:0.26;EUROPE:0.08;ASIA:0.03,123070,30862,93561,Goat,Q2934,578955,0.7462,NE,,,,,Y,,,,inat_pool,-35.94,50.85,-71.2,152.2,98,domestic
28,tree,2925649,Tectona grandis,Teak,species,Lamiaceae,ASIA,manual (native/origin),ASIA:0.85;AFRICA:0.09;SOUTH_AMERICA:0.04,62887,8876,53371,Teak,Q156938,187415,0.7387,EN,Y,,,,,,"plantation forestry, planted widely",,seed,8.78,13.16,75.43,79.79,23,threatened_EN
29,herp,5223334,Nerodia sipedon,Common Watersnake,species,Colubridae,NORTH_AMERICA,gbif majority records,NORTH_AMERICA:1.00,29305,98761,74312,Common watersnake,Q2163958,67030,0.7387,LC,,,,Y,,,,,inat_pool,34.91,44.62,-91.83,-71.41,150,marine
30,tree,5333230,Castanea dentata,American chestnut,species,Fagaceae,NORTH_AMERICA,gbif majority records,NORTH_AMERICA:1.00,49186,27245,17588,American chestnut,Q468698,172413,0.7386,CR,Y,,,,,,,,inat_pool,35.24,42.79,-83.34,-71.43,95,threatened_CR
31,bird,2498252,Alopochen aegyptiaca,Egyptian Goose,species,Anatidae,EUROPE,gbif majority records,EUROPE:0.64;AFRICA:0.27;NORTH_AMERICA:0.08,72486,92595,2244515,Egyptian goose,Q274179,119627,0.7333,LC,,,Y,,,,,,inat_pool,50.79,51.32,3.29,5.53,13,narrow
32,tree,5361865,Ulmus minor,Field Elm,species,Ulmaceae,EUROPE,gbif majority records,EUROPE:1.00,79461,28226,325861,Ulmus minor,Q147487,19753,0.7303,DD,,Y,,,,,,,inat_pool,41.22,56.43,-3.78,32.33,167,dd
33,mammal,7429082,Mus musculus,House Mouse,species,Muridae,OCEANIA,gbif majority records,OCEANIA:0.53;EUROPE:0.30;NORTH_AMERICA:0.11;ASIA:0.03,44705,21636,212881,House mouse,Q83310,229162,0.7298,LC,,,,,Y,,,,inat_pool,-38.05,53.87,-76.19,172.34,84,domestic
34,bird,7901064,Turdus philomelos,Song Thrush,species,Turdidae,EUROPE,gbif majority records,EUROPE:0.94;OCEANIA:0.05,12748,81741,4583986,Song thrush,Q26349,78619,0.7279,LC,,,Y,,,,,,inat_pool,50.85,53.15,3.55,6.15,33,narrow
35,crop,2874484,Carica papaya,Papaya,species,Caricaceae,NORTH_AMERICA,manual (native/origin),NORTH_AMERICA:0.34;SOUTH_AMERICA:0.26;ASIA:0.23;AFRICA:0.09;OCEANIA:0.07,62811,43127,25021,Papaya,Q34887,320918,0.7195,DD,,Y,,,,,cultivated; fruit,,seed,-24.33,26.84,-156.04,130.52,215,dd
36,wild_plant,5384795,Silene dioica,red campion,species,Caryophyllaceae,EUROPE,gbif majority records,EUROPE:1.00,55759,76346,743765,Silene dioica,Q161699,22627,0.7131,NE,,,Y,,,,,,inat_pool,50.75,52.95,4.25,6.7,38,narrow
37,tree,3022609,Prunus serrulata,Japanese Cherry,species,Rosaceae,ASIA,manual (native/origin),EUROPE:0.88;NORTH_AMERICA:0.05;OCEANIA:0.03;ASIA:0.03,125742,43037,13022,Prunus serrulata,Q165321,86817,0.712,LC,,,Y,,,,ornamental,,seed,52.41,52.61,13.26,13.56,4,narrow
38,fish,7595433,Salmo salar,Atlantic Salmon,species,Salmonidae,EUROPE,manual (native/origin),EUROPE:0.82;NORTH_AMERICA:0.18,48648,1487,1357957,Atlantic salmon,Q188879,138167,0.7015,NT,,,Y,,,,anadromous; mixed freshwater/marine life history,,seed,47.84,47.84,-3.39,-3.39,1,narrow
39,crop,3060998,Manihot esculenta,Cassava,species,Euphorbiaceae,SOUTH_AMERICA,manual (native/origin),SOUTH_AMERICA:0.69;AFRICA:0.13;ASIA:0.09;NORTH_AMERICA:0.07,165138,10210,34763,Cassava,Q83124,625005,0.6992,NE,,,Y,,,,cultivated; root/tuber,,seed,9.48,9.97,-75.29,-75.05,2,narrow
40,herp,2443173,Terrapene carolina,Common Box Turtle,species,Emydidae,NORTH_AMERICA,gbif majority records,NORTH_AMERICA:1.00,39814,111713,80717,Common box turtle,Q1044378,31514,0.6975,VU,Y,,,,,,,,inat_pool,27.23,40.17,-88.91,-75.72,172,threatened_VU
41,tree,5285727,Pinus radiata,Monterey pine,species,Pinaceae,NORTH_AMERICA,manual (native/origin),OCEANIA:0.34;NORTH_AMERICA:0.26;EUROPE:0.20;SOUTH_AMERICA:0.18,53421,18460,56624,Pinus radiata,Q748888,42504,0.694,EN,Y,,,,,,"native California, the world's main plantation pine in SH",,seed,-43.32,40.85,-122.13,174.26,69,threatened_EN
42,mammal,2434806,Halichoerus grypus,Grey Seal,species,Phocidae,EUROPE,gbif majority records,EUROPE:0.97,41733,22736,374233,Grey seal,Q27370,105358,0.6939,LC,,,,Y,,,,,inat_pool,50.22,60.14,-6.38,21.46,91,marine
43,wild_plant,5384064,Opuntia ficus-indica,Indian fig opuntia,species,Cactaceae,EUROPE,gbif majority records,EUROPE:0.39;AFRICA:0.26;NORTH_AMERICA:0.14;SOUTH_AMERICA:0.11;ASIA:0.05;OCEANIA:0.04,64119,41956,32577,Opuntia ficus-indica,Q144412,77370,0.69,DD,,Y,,,,,,,inat_pool,-34.3,41.86,-118.05,103.32,170,dd
44,crop,2928551,Ipomoea batatas,sweet potato,species,Convolvulaceae,SOUTH_AMERICA,manual (native/origin),SOUTH_AMERICA:0.51;NORTH_AMERICA:0.21;ASIA:0.13;AFRICA:0.08;OCEANIA:0.04,62941,16165,22372,Sweet potato,Q37937,438862,0.6839,DD,,Y,,,,,cultivated; root/tuber,,seed,-23.43,36.3,-99.14,121.6,191,dd
45,tree,5372639,Salix babylonica,weeping willow,species,Salicaceae,EUROPE,gbif majority records,EUROPE:0.49;ASIA:0.15;OCEANIA:0.15;NORTH_AMERICA:0.11;AFRICA:0.08,58316,24508,12854,Salix babylonica,Q156307,96439,0.6832,DD,,Y,,,,,,,inat_pool,-35.92,53.18,-82.39,149.85,177,dd
46,mammal,5219404,Panthera leo,Lion,species,Felidae,AFRICA,gbif majority records,AFRICA:0.96,41964,25401,16861,Lion,Q140,1337116,0.6826,VU,Y,,,,,,,,inat_pool,-32.27,0.07,23.45,37.22,84,threatened_VU
47,bird,6065844,Leucophaeus atricilla,Laughing Gull,species,Laridae,NORTH_AMERICA,gbif majority records,NORTH_AMERICA:0.98,144514,102634,3223501,Laughing gull,Q528764,30205,0.6567,NE,,,,Y,,,,,inat_pool,13.85,36.0,-97.35,-75.09,114,marine
48,mammal,2439270,Rattus rattus,Black Rat,species,Muridae,OCEANIA,gbif majority records,OCEANIA:0.44;EUROPE:0.30;AFRICA:0.10;NORTH_AMERICA:0.09;ASIA:0.05,44575,18297,124482,Black rat,Q106133,169283,0.6529,LC,,,,,Y,Y,,,inat_pool,-37.83,49.27,-122.67,153.08,141,domestic
49,tree,7325877,Fraxinus angustifolia,Narrow-leaved Ash,species,Oleaceae,EUROPE,gbif majority records,EUROPE:0.95;OCEANIA:0.04,82881,15550,90036,Fraxinus angustifolia,Q518949,16651,0.6526,LC,,,Y,,,,,,inat_pool,52.41,52.55,13.17,13.63,16,narrow
50,crop,3042845,Brassica oleracea,"cabbage, broccoli, and allies",species,Brassicaceae,EUROPE,manual (native/origin),EUROPE:0.87;NORTH_AMERICA:0.06,54516,22210,34995,Brassica oleracea,Q146212,238909,0.6465,DD,,Y,,,,,cultivated; vegetable,,seed,-12.25,55.72,-122.21,125.54,158,dd
51,crop,7903057,Brassica rapa,field mustard,species,Brassicaceae,ASIA,manual (native/origin),EUROPE:0.89;NORTH_AMERICA:0.06,53271,24576,111563,Brassica rapa,Q3384,77526,0.6453,NE,,,Y,,,,cultivated; vegetable,,seed,51.45,52.75,4.35,6.15,26,narrow
52,mammal,2433753,Lutra lutra,Eurasian Otter,species,Mustelidae,EUROPE,gbif majority records,EUROPE:0.98,41850,11650,301185,Eurasian otter,Q29995,120425,0.6357,NT,,,,Y,,,,,inat_pool,47.22,66.14,-3.57,22.13,169,marine
53,mammal,2433727,Lontra canadensis,North American River Otter,species,Mustelidae,NORTH_AMERICA,gbif majority records,NORTH_AMERICA:1.00,41777,39497,27813,North American river otter,Q327028,175281,0.6326,LC,,,,Y,,,,,inat_pool,28.8,53.98,-127.24,-71.62,179,marine
54,mammal,2441247,Hippopotamus amphibius,Common Hippopotamus,species,Hippopotamidae,AFRICA,gbif majority records,AFRICA:0.96,42149,17825,14136,Hippopotamus,Q34505,793329,0.623,VU,Y,,,,,,,,inat_pool,-28.31,-0.26,24.58,37.22,81,threatened_VU
55,bird,9413670,Larus michahellis,Yellow-legged Gull,species,Laridae,EUROPE,gbif majority records,EUROPE:0.93;ASIA:0.04;AFRICA:0.03,59202,80964,1829390,Yellow-legged gull,Q704982,27598,0.6193,LC,,,,Y,,,,,inat_pool,30.63,48.91,-9.93,24.33,129,marine
56,mammal,2433458,Zalophus californianus,California Sea Lion,species,Otariidae,NORTH_AMERICA,gbif majority records,NORTH_AMERICA:1.00,41740,43479,43880,California sea lion,Q379732,102196,0.616,LC,,,,Y,,,,,inat_pool,31.86,41.74,-123.9,-116.63,39,marine
57,tree,2684984,Araucaria araucana,monkey-puzzle,species,Araucariaceae,EUROPE,gbif majority records,EUROPE:0.69;SOUTH_AMERICA:0.30,126404,10284,7533,Araucaria araucana,Q158780,163193,0.6102,EN,Y,,,,,,,,inat_pool,-39.58,55.84,-71.86,-0.15,53,threatened_EN
58,tree,7160609,Rhus integrifolia,lemonade berry,species,Anacardiaceae,NORTH_AMERICA,gbif majority records,NORTH_AMERICA:1.00,55009,30823,22132,Rhus integrifolia,Q7321565,11043,0.5959,LC,,,Y,,,,,,inat_pool,31.93,34.22,-119.73,-116.7,22,narrow
59,tree,3172347,Fraxinus ornus,Manna ash,species,Oleaceae,EUROPE,gbif majority records,EUROPE:0.99,319281,9202,37629,Fraxinus ornus,Q161421,21523,0.5916,LC,,,Y,,,,,,inat_pool,52.42,52.57,13.2,13.59,4,narrow
60,tree,7303616,Ulmus laevis,Fluttering Elm,species,Ulmaceae,EUROPE,gbif majority records,EUROPE:0.98,450330,13909,47268,Ulmus laevis,Q147492,9882,0.5902,DD,,Y,,,,,,,inat_pool,46.07,56.8,5.5,72.75,136,dd
61,bird,5390664,Aster cooperi,Cooper's Hawk,species,Asteraceae,,gbif majority records,,1579017,160031,0,Cooper's hawk,Q862896,220250,0.5747,NE,,,Y,,,,,,inat_pool,,,,,,narrow;no_region;no_records
62,tree,2775710,Yucca schidigera,Mojave Yucca,species,Asparagaceae,NORTH_AMERICA,gbif majority records,NORTH_AMERICA:1.00,68400,24259,19173,Yucca schidigera,Q1518712,10678,0.5673,LC,,,Y,,,,,,inat_pool,32.81,36.03,-117.25,-115.28,26,narrow
63,mammal,5218887,Martes foina,Stone Marten,species,Mustelidae,EUROPE,gbif majority records,EUROPE:0.99,41800,9563,211561,Beech marten,Q27366,73729,0.5653,LC,,,Y,,,,,,inat_pool,50.75,53.2,4.45,7.74,50,narrow
64,mammal,2440891,Equus asinus,Donkey,species,Equidae,NORTH_AMERICA,gbif majority records,NORTH_AMERICA:0.31;OCEANIA:0.22;SOUTH_AMERICA:0.20;EUROPE:0.19;AFRICA:0.05,148030,15982,11355,Donkey,Q19707,519756,0.5614,NE,,,,,Y,,,,inat_pool,-20.14,48.92,-117.26,75.65,136,domestic
65,tree,3974754,Vachellia karroo,Sweet Thorn,species,Fabaceae,AFRICA,gbif majority records,AFRICA:0.95;EUROPE:0.03,502780,21365,18078,Vachellia karroo,Q41778476,9155,0.552,LC,,,Y,,,,,,inat_pool,-33.59,-32.22,26.17,26.95,19,narrow
66,mammal,5219219,Canis aureus,Golden Jackal,species,Canidae,ASIA,gbif majority records,ASIA:0.95;EUROPE:0.04,851014,7261,63118,Golden jackal,Q128098,225816,0.5471,LC,,,Y,,,,,,inat_pool,31.44,32.98,34.62,35.59,15,narrow
67,tree,2684969,Araucaria heterophylla,Norfolk Island Pine,species,Araucariaceae,OCEANIA,manual (native/origin),OCEANIA:0.54;AFRICA:0.22;EUROPE:0.09;SOUTH_AMERICA:0.08;NORTH_AMERICA:0.05;ASIA:0.03,127890,12741,1847,Araucaria heterophylla,Q161070,128540,0.5281,VU,Y,,,,,,ornamental,,seed,-37.75,37.9,-89.4,174.89,104,threatened_VU
68,bird,6065811,Chroicocephalus novaehollandiae,Silver Gull,species,Laridae,OCEANIA,gbif majority records,OCEANIA:1.00,144507,42922,1229841,Silver gull,Q782038,17958,0.5272,NE,,,,Y,,,,,inat_pool,-43.37,-25.27,115.79,153.54,92,marine
69,crop,2895345,Coffea arabica,Coffee,species,Rubiaceae,AFRICA,manual (native/origin),SOUTH_AMERICA:0.48;NORTH_AMERICA:0.20;AFRICA:0.13;ASIA:0.13;OCEANIA:0.06,64342,13816,14294,Coffea arabica,Q47685,196689,0.5267,EN,Y,,,,,,cultivated; beverage,,seed,-23.67,19.4,-89.64,75.97,79,threatened_EN
70,mammal,5219965,Macropus fuliginosus,Western Grey Kangaroo,species,Macropodidae,OCEANIA,gbif majority records,OCEANIA:1.00,42881,13154,112375,Western grey kangaroo,Q510022,38097,0.5157,LC,,,Y,,,,,,inat_pool,-31.7,-31.66,116.11,116.19,1,narrow
71,mammal,5219461,Elephas maximus,Asian Elephant,species,Elephantidae,ASIA,gbif majority records,ASIA:0.62;NORTH_AMERICA:0.38,43697,11279,11791,Asian elephant,Q133006,274962,0.5129,EN,Y,,,,,,,,inat_pool,5.46,35.08,-106.66,118.08,73,threatened_EN
72,tree,3054368,Juglans regia,Persian walnut,species,Juglandaceae,,gbif majority records,,63935,39317,0,Juglans regia,Q46871,67501,0.5102,LC,,,Y,,,,,,inat_pool,,,,,,narrow;no_region;no_records
73,mammal,7261386,Rusa unicolor,Sambar,species,Cervidae,ASIA,gbif majority records,ASIA:0.51;OCEANIA:0.49,75053,7691,67734,Sambar deer,Q229337,125168,0.5086,VU,Y,,,,,,,,inat_pool,-35.69,27.71,75.65,148.94,83,threatened_VU
74,bird,2481173,Larus dominicanus,Kelp Gull,species,Laridae,SOUTH_AMERICA,gbif majority records,SOUTH_AMERICA:0.42;OCEANIA:0.39;AFRICA:0.17,4388,38822,910426,Kelp gull,Q1127687,20447,0.5083,LC,,,,Y,,,,,inat_pool,-64.66,-16.68,-72.51,174.79,126,marine
75,crop,3152205,Theobroma cacao,cacao tree,species,Malvaceae,SOUTH_AMERICA,manual (native/origin),SOUTH_AMERICA:0.61;NORTH_AMERICA:0.27;ASIA:0.06;AFRICA:0.05,64340,10820,9994,Theobroma cacao,Q42385,209006,0.4964,DD,,Y,,,,,cultivated; beverage,,seed,-11.89,18.18,-92.94,101.7,151,dd
76,crop,2984573,Artocarpus altilis,Breadfruit,species,Moraceae,OCEANIA,manual (native/origin),NORTH_AMERICA:0.35;OCEANIA:0.20;ASIA:0.18;SOUTH_AMERICA:0.17;AFRICA:0.10,70027,9724,6695,Breadfruit,Q14677,313197,0.4959,DD,,Y,,,,,cultivated; fruit/starch,,seed,-17.67,21.89,-158.12,115.27,123,dd
77,mammal,5219416,Panthera tigris,Tiger,species,Felidae,ASIA,gbif majority records,ASIA:0.98,41967,9086,5731,Tiger,Q19939,1261460,0.4932,EN,Y,,Y,,,,,,inat_pool,20.27,23.73,79.28,81.02,12,threatened_EN;narrow
78,tree,5569978,Morus indica,Korean mulberry,species,Moraceae,ASIA,gbif majority records,ASIA:0.92;NORTH_AMERICA:0.06,773801,21012,11968,Morus indica,Q21977492,4472,0.4778,DD,,Y,Y,,,,,,inat_pool,22.87,25.16,120.19,121.86,33,dd;narrow
79,mammal,5218655,Pteropus poliocephalus,Grey-headed Flying-fox,species,Pteropodidae,OCEANIA,gbif majority records,OCEANIA:1.00,40905,7938,103341,Grey-headed flying fox,Q551930,46374,0.477,VU,Y,,,,,,,,inat_pool,-37.98,-27.58,138.61,153.06,58,threatened_VU
80,tree,3172499,Jacaranda mimosifolia,blue jacaranda,species,Bignoniaceae,SOUTH_AMERICA,manual (native/origin),OCEANIA:0.46;AFRICA:0.18;EUROPE:0.16;ASIA:0.11;SOUTH_AMERICA:0.05;NORTH_AMERICA:0.03,77541,29127,22473,Jacaranda mimosifolia,Q838818,,0.4733,VU,Y,,,,,,ornamental worldwide,,seed,-33.94,32.65,-96.52,153.04,119,threatened_VU
81,tree,5284682,Cedrus libani,Lebanon cedar,species,Pinaceae,ASIA,manual (native/origin),EUROPE:0.77;ASIA:0.18;NORTH_AMERICA:0.04,136150,2676,5574,Cedrus libani,Q61105,123597,0.4723,VU,Y,,,,,,"native Levant, ornamental widely",,seed,34.21,54.56,-73.99,36.56,75,threatened_VU
82,tree,3177019,Eucalyptus leucoxylon,Yellow gum,species,Myrtaceae,OCEANIA,gbif majority records,OCEANIA:0.98,339974,4836,23760,Eucalyptus leucoxylon,Q161468,9034,0.4679,VU,Y,,,,,,,,inat_pool,-37.95,-34.73,138.55,145.13,42,threatened_VU
83,tree,5361871,Ulmus crassifolia,Cedar Elm,species,Ulmaceae,NORTH_AMERICA,gbif majority records,NORTH_AMERICA:1.00,128823,29472,15369,Ulmus crassifolia,Q7879431,,0.4487,LC,,,Y,,,,,,inat_pool,29.52,33.17,-98.65,-96.55,47,narrow
84,wild_plant,5301979,Alpinia zerumbet,Shell ginger,species,Zingiberaceae,ASIA,gbif majority records,ASIA:0.72;NORTH_AMERICA:0.13;SOUTH_AMERICA:0.06;OCEANIA:0.05,154776,19467,8835,Alpinia zerumbet,Q2703227,24600,0.442,DD,,Y,,,,,,,inat_pool,10.5,25.29,-84.69,121.87,54,dd
85,tree,2684940,Araucaria angustifolia,Paraná Araucaria,species,Araucariaceae,SOUTH_AMERICA,gbif majority records,SOUTH_AMERICA:0.97,83168,5780,5081,Araucaria angustifolia,Q899179,29818,0.4379,CR,Y,,,,,,,,inat_pool,-29.43,-22.31,-54.56,-43.57,81,threatened_CR
86,mammal,2435350,Loxodonta africana,African Savanna Elephant,species,Elephantidae,AFRICA,gbif majority records,AFRICA:1.00,43694,31143,25698,African bush elephant,Q36557,,0.4347,EN,Y,,,,,,,,inat_pool,-33.39,0.09,17.16,37.37,109,threatened_EN
87,insect_arachnid,1650518,Anopheles gambiae,,species,Culicidae,AFRICA,gbif majority records,AFRICA:1.00,650010,9,115078,Anopheles gambiae,Q135237,14255,0.4344,NE,,,Y,,,,disease vector,Y,seed,-4.48,-4.33,15.27,15.35,1,narrow
88,tree,5304469,Dracaena draco,dragon-tree,species,Asparagaceae,AFRICA,gbif majority records,AFRICA:0.63;EUROPE:0.31;OCEANIA:0.05,135388,4824,1965,Dracaena draco,Q157952,72264,0.424,EN,Y,,,,,,,,inat_pool,-36.43,38.54,-28.51,174.71,41,threatened_EN
89,mammal,2436603,Macaca fascicularis,Long-tailed Macaque,species,Cercopithecidae,ASIA,gbif majority records,ASIA:0.99,43459,25286,20105,Macaca fascicularis,Q301676,11938,0.4195,EN,Y,,,,,,,,inat_pool,-8.55,13.5,98.51,120.12,101,threatened_EN
90,tree,5284415,Agathis australis,Kauri,species,Araucariaceae,OCEANIA,manual (native/origin),OCEANIA:0.99,121718,4072,3724,Agathis australis,Q955413,48765,0.4136,NE,,,Y,,,,,,seed,-37.66,-35.24,173.53,175.73,27,narrow
91,wild_plant,7883492,Hedychium coronarium,Butterfly ginger lily,species,Zingiberaceae,SOUTH_AMERICA,gbif majority records,SOUTH_AMERICA:0.42;ASIA:0.25;NORTH_AMERICA:0.25;OCEANIA:0.05,143955,13932,10444,Hedychium coronarium,Q1994229,24160,0.4109,DD,,Y,,,,,,,inat_pool,-20.38,30.81,-155.15,121.77,142,dd
92,crop,3189635,Camellia sinensis,tea,species,Theaceae,ASIA,manual (native/origin),ASIA:0.84;AFRICA:0.07,123005,4312,4544,Camellia sinensis,Q101815,318829,0.41,DD,,Y,,,,,cultivated; beverage,,seed,-2.44,35.76,39.19,139.45,86,dd
93,bird,10759934,Zanda funerea,Yellow-tailed Black Cockatoo,species,Cacatuidae,OCEANIA,gbif majority records,OCEANIA:1.00,1432688,17490,327169,Yellow-tailed black cockatoo,Q28107872,44435,0.406,LC,,,Y,,,,,,inat_pool,-33.96,-33.92,149.87,149.92,1,narrow
94,mammal,2433474,Arctocephalus forsteri,Long-nosed Fur Seal,species,Otariidae,OCEANIA,gbif majority records,OCEANIA:1.00,41752,11231,42417,Arctocephalus forsteri,Q832379,19568,0.4053,LC,,,,Y,,,,,inat_pool,-45.77,-32.68,150.13,174.98,74,marine
95,bird,2479798,Melopsittacus undulatus,Budgerigar,species,Psittacidae,OCEANIA,gbif majority records,OCEANIA:0.90;NORTH_AMERICA:0.06,19339,11958,114095,Budgerigar,Q121221,382081,0.3998,LC,,,,,Y,,,,inat_pool,-33.33,45.4,-71.88,146.99,132,domestic
96,mammal,9055455,Camelus dromedarius,Dromedary Camel,species,Camelidae,OCEANIA,gbif majority records,OCEANIA:0.66;ASIA:0.28;AFRICA:0.06,81542,5072,10055,Dromedary,Q71516,269213,0.3993,NE,,,,,Y,,,,inat_pool,-27.32,31.75,-9.77,137.36,125,domestic
97,tree,3176566,Eucalyptus regnans,Australian Mountain Ash,species,Myrtaceae,OCEANIA,manual (native/origin),OCEANIA:1.00,179265,1749,8981,Eucalyptus regnans,Q1542486,48729,0.3921,LC,,,Y,,,,,,seed,-37.88,-37.72,145.64,145.86,6,narrow
98,crop,2757624,Curcuma longa,Turmeric,species,Zingiberaceae,ASIA,manual (native/origin),ASIA:0.58;AFRICA:0.14;OCEANIA:0.10;SOUTH_AMERICA:0.10;NORTH_AMERICA:0.08,119386,3849,1397,Turmeric,Q42562,435238,0.3868,DD,,Y,,,,,cultivated; spice,,seed,-21.36,27.64,-69.93,122.71,166,dd
99,tree,7124454,Banksia ericifolia,Heath-leaved banksia,species,Proteaceae,OCEANIA,gbif majority records,OCEANIA:0.99,131642,4254,10731,Banksia ericifolia,Q257098,6373,0.3759,LC,,,Y,,,,,,inat_pool,-35.11,-31.6,150.27,152.84,29,narrow
100,bird,5845375,Acridotheres javanicus,Javan Myna,species,Sturnidae,ASIA,gbif majority records,ASIA:1.00,145095,17340,487525,Javan myna,Q74017,19535,0.3744,VU,Y,,,,,,,,inat_pool,-2.99,25.05,101.95,121.52,37,threatened_VU
101,mammal,5219702,Cavia porcellus,Domestic Guinea Pig,species,Caviidae,SOUTH_AMERICA,gbif majority records,SOUTH_AMERICA:0.60;EUROPE:0.21;NORTH_AMERICA:0.12;OCEANIA:0.07,119405,5625,595,Guinea pig,Q79803,624066,0.3713,NE,,,,,Y,,,,inat_pool,-27.51,52.22,-106.5,130.83,80,domestic
102,tree,5571945,Ficus erecta,Japanese fig,species,Moraceae,ASIA,gbif majority records,ASIA:1.00,357816,6062,9410,Ficus erecta,Q11273546,3299,0.3611,LC,,,Y,,,,,,inat_pool,22.73,26.18,120.38,121.92,30,narrow
103,tree,3856236,Sambucus javanica,Chinese elder,species,Viburnaceae,ASIA,gbif majority records,ASIA:1.00,474166,7664,7451,Sambucus javanica,Q4117827,2445,0.3463,LC,,,Y,,,,,,inat_pool,22.98,25.17,120.5,121.84,26,narrow
104,tree,5349242,Pterocarpus indicus,Burmese-Rosewood,species,Fabaceae,ASIA,manual (native/origin),ASIA:0.61;OCEANIA:0.20;NORTH_AMERICA:0.10;AFRICA:0.08,348101,4005,1567,Pterocarpus indicus,Q979014,39978,0.3369,EN,Y,,,,,,,,seed,-20.93,22.53,-2.27,167.42,124,threatened_EN
105,tree,3029379,Quillaja saponaria,soapbark tree,species,Quillajaceae,SOUTH_AMERICA,manual (native/origin),SOUTH_AMERICA:0.98,181934,4087,3267,Quillaja saponaria,Q2382775,15177,0.3362,LC,,,Y,,,,,,seed,-36.71,-32.9,-72.26,-70.41,35,narrow
106,mammal,5220190,Lama glama,Llama,species,Camelidae,SOUTH_AMERICA,gbif majority records,SOUTH_AMERICA:1.00,121026,6521,63376,Llama,Q42569,,0.3255,NE,,,,,Y,,,,inat_pool,-53.31,-23.34,-72.8,-64.14,104,domestic
107,herp,2426947,Hylarana latouchii,LaTouche's Frog,species,Ranidae,ASIA,gbif majority records,ASIA:1.00,65592,8959,64646,Hylarana latouchii,Q704461,745,0.3238,LC,,,Y,,,,,,inat_pool,22.93,25.15,120.59,121.62,18,narrow
108,bird,9326020,Gallus gallus,Red Junglefowl,species,Phasianidae,ASIA,gbif majority records,ASIA:0.49;OCEANIA:0.24;NORTH_AMERICA:0.17;SOUTH_AMERICA:0.07,882,80274,288314,Red junglefowl,Q184774,,0.3189,LC,,,,,Y,,,,inat_pool,-21.8,51.15,-157.82,125.78,132,domestic
109,tree,7262408,Ficus subpisocarpa,Japanese Superb Fig,species,Moraceae,ASIA,gbif majority records,ASIA:1.00,437618,7925,4101,Ficus subpisocarpa,Q15476234,2241,0.3125,LC,,,Y,,,,,,inat_pool,22.45,25.14,119.61,121.62,27,narrow
110,herp,11041294,Diploderma swinhonis,Taiwan Japalure,species,Agamidae,ASIA,gbif majority records,ASIA:1.00,797638,14740,10616,Diploderma swinhonis,Q106246699,2561,0.312,LC,,,Y,,,,,,inat_pool,22.22,25.09,120.38,121.62,21,narrow
111,tree,7286036,Lagerstroemia subcostata,Subcostate Crepe Myrtle,species,Lythraceae,ASIA,gbif majority records,ASIA:0.99,569782,7246,3427,Lagerstroemia subcostata,Q1028577,3373,0.3118,LC,,,Y,,,,,,inat_pool,22.23,25.16,120.54,121.82,28,narrow
112,tree,3177097,Eucalyptus fasciculosa,Pink Gum,species,Myrtaceae,OCEANIA,gbif majority records,OCEANIA:1.00,502253,3789,11314,Eucalyptus fasciculosa,Q5405595,1953,0.3107,VU,Y,,Y,,,,,,inat_pool,-36.57,-34.83,138.22,140.48,20,threatened_VU;narrow
113,mammal,2433467,Phocarctos hookeri,New Zealand Sea Lion,species,Otariidae,OCEANIA,gbif majority records,OCEANIA:1.00,41763,3487,36465,New Zealand sea lion,Q432513,39227,0.3103,EN,Y,,,Y,,,,,inat_pool,-50.54,-45.61,166.27,170.73,18,threatened_EN;marine
114,mammal,5218773,Otaria flavescens,South American Sea Lion,species,Otariidae,SOUTH_AMERICA,gbif majority records,SOUTH_AMERICA:1.00,41761,8519,7971,South American sea lion,Q333649,40436,0.3034,LC,,,,Y,,,,,inat_pool,-54.89,-13.73,-76.4,-54.95,77,marine
115,crop,2757280,Zingiber officinale,Ginger,species,Zingiberaceae,ASIA,manual (native/origin),ASIA:0.35;SOUTH_AMERICA:0.23;NORTH_AMERICA:0.22;AFRICA:0.14;OCEANIA:0.04,122971,2326,1057,Ginger,Q35625,341096,0.3023,DD,,Y,,,,,cultivated; spice,,seed,-17.2,27.65,-88.76,122.57,167,dd
116,tree,5348812,Parkia biglobosa,African locust bean,species,Fabaceae,AFRICA,manual (native/origin),AFRICA:1.00,133528,1118,6042,Parkia biglobosa,Q1975323,22312,0.2994,LC,,,Y,,,,,,seed,7.53,9.33,1.49,2.3,12,narrow
117,crop,3152661,Gossypium hirsutum,Upland Cotton,species,Malvaceae,NORTH_AMERICA,manual (native/origin),NORTH_AMERICA:0.57;ASIA:0.18;SOUTH_AMERICA:0.15;OCEANIA:0.06,77299,5827,9595,Gossypium hirsutum,Q133481,23615,0.2971,VU,Y,,,,,,cultivated; fibre,,seed,-20.74,34.68,-110.1,133.22,148,threatened_VU
118,mammal,5219436,Panthera pardus,Leopard,species,Felidae,AFRICA,gbif majority records,AFRICA:0.65;ASIA:0.34,41963,14590,10087,Leopard,Q34706,,0.2943,VU,Y,,,,,,,,inat_pool,-32.62,23.18,17.11,80.13,116,threatened_VU
119,herp,10851350,Sclerophrys pantherina,Western Leopard Toad,species,Bufonidae,AFRICA,gbif majority records,AFRICA:1.00,517449,12376,10634,Western leopard toad,Q28932736,2510,0.2935,EN,Y,,Y,,,,,,inat_pool,-34.14,-34.04,18.33,18.47,6,threatened_EN;narrow
120,mammal,2436608,Macaca fuscata,Japanese Macaque,species,Cercopithecidae,ASIA,gbif majority records,ASIA:1.00,43458,2967,4535,Japanese macaque,Q191781,239831,0.2882,LC,,,Y,,,,,,inat_pool,34.97,36.79,135.61,138.59,29,narrow
121,tree,2880642,Quercus humboldtii,Andean oak,species,Fagaceae,SOUTH_AMERICA,gbif majority records,SOUTH_AMERICA:1.00,133176,1788,13022,Quercus humboldtii,Q4112124,3385,0.2857,LC,,,Y,,,,,,inat_pool,6.75,6.83,-75.67,-75.51,2,narrow
122,herp,5217163,Bufo bankorensis,Taiwan Common Toad,species,Bufonidae,ASIA,gbif majority records,ASIA:1.00,21614,7682,32309,Bufo bankorensis,Q707153,1506,0.2757,LC,,,Y,,,,,,inat_pool,23.17,25.16,120.63,121.78,15,narrow
123,crop,3033987,Cinnamomum verum,Ceylon cinnamon,species,Lauraceae,ASIA,manual (native/origin),AFRICA:0.84;ASIA:0.07;SOUTH_AMERICA:0.05;NORTH_AMERICA:0.03,122777,1350,7652,Cinnamomum verum,Q370239,115642,0.2739,VU,Y,,Y,,,,cultivated; spice,,seed,-4.65,-4.5,55.25,55.42,2,threatened_VU;narrow
124,mammal,7422937,Bubalus bubalis,Domestic Water Buffalo,species,Bovidae,OCEANIA,gbif majority records,OCEANIA:0.60;ASIA:0.16;SOUTH_AMERICA:0.15;EUROPE:0.08,81925,7037,18929,Water buffalo,Q42710,,0.272,NE,,,,,Y,,,,inat_pool,-13.5,26.5,81.5,135.68,55,domestic
125,insect_arachnid,1707320,Schistocerca gregaria,Desert Locust,species,Acrididae,AFRICA,gbif majority records,AFRICA:0.83;EUROPE:0.12;ASIA:0.05,198928,1976,5125,Desert locust,Q281634,36148,0.2701,NE,,,Y,,,,pest,Y,seed,1.38,1.38,37.23,37.23,1,narrow
126,tree,3177028,Eucalyptus grandis,Flooded Gum,species,Myrtaceae,OCEANIA,manual (native/origin),SOUTH_AMERICA:0.75;OCEANIA:0.20;AFRICA:0.03,135371,1854,3012,Eucalyptus grandis,Q482510,16047,0.2695,NE,,,Y,,,,forestry,,seed,6.14,6.32,-75.63,-75.52,1,narrow
127,tree,3177161,Eucalyptus incrassata,Ridge-fruited mallee,species,Myrtaceae,OCEANIA,gbif majority records,OCEANIA:1.00,526920,3023,13972,Eucalyptus incrassata,Q15396222,,0.2691,NT,,,Y,,,,,,inat_pool,-36.45,-33.84,138.58,142.2,37,narrow
128,mammal,2436525,Nasalis larvatus,Proboscis Monkey,species,Cercopithecidae,ASIA,gbif majority records,ASIA:1.00,43538,3672,2548,Proboscis monkey,Q192029,215917,0.2686,EN,Y,,,,,,,,inat_pool,-2.61,5.86,110.33,118.39,25,threatened_EN
129,mammal,2436615,Macaca cyclopis,Formosan Rock Macaque,species,Cercopithecidae,ASIA,gbif majority records,ASIA:1.00,43450,6922,17394,Formosan rock macaque,Q713841,,0.2631,LC,,,Y,,,,,,inat_pool,22.64,24.98,120.27,121.76,17,narrow
130,tree,3190484,Swietenia macrophylla,Big-leaf Mahogany,species,Meliaceae,SOUTH_AMERICA,manual (native/origin),NORTH_AMERICA:0.53;SOUTH_AMERICA:0.27;ASIA:0.18,169442,6975,4505,Swietenia macrophylla,Q12955947,,0.2628,EN,Y,,Y,,,,plantation forestry,,seed,19.35,19.84,-88.46,-88.14,10,threatened_EN;narrow
131,bird,5229385,Spheniscus magellanicus,Magellanic Penguin,species,Spheniscidae,SOUTH_AMERICA,gbif majority records,SOUTH_AMERICA:1.00,3812,9019,41380,Magellanic penguin,Q207246,77780,0.2622,LC,,,,Y,,,,,inat_pool,-54.91,-39.46,-74.04,-57.79,75,marine
132,tree,3177295,Eucalyptus marginata,Jarrah,species,Myrtaceae,OCEANIA,manual (native/origin),OCEANIA:1.00,145392,1428,2666,Eucalyptus marginata,Q140557,20689,0.255,NT,,,Y,,,,,,seed,-34.86,-31.73,115.43,117.57,39,narrow
133,crop,3071171,Hevea brasiliensis,rubber tree,species,Euphorbiaceae,SOUTH_AMERICA,manual (native/origin),SOUTH_AMERICA:0.65;AFRICA:0.21;ASIA:0.10;NORTH_AMERICA:0.04,53940,2598,5002,Hevea brasiliensis,Q156538,87633,0.2548,LC,,,Y,,,,cultivated; rubber,,seed,-6.07,-5.99,-61.9,-61.74,2,narrow
134,mammal,2440898,Tapirus terrestris,South American Tapir,species,Tapiridae,SOUTH_AMERICA,gbif majority records,SOUTH_AMERICA:1.00,43353,5271,21765,South American tapir,Q220271,,0.2541,VU,Y,,Y,,,,,,inat_pool,2.16,2.16,-74.09,-74.09,1,threatened_VU;narrow
135,fish,2393184,Lates niloticus,Nile Perch,species,Latidae,AFRICA,manual (native/origin),AFRICA:0.99,104102,109,3104,Nile perch,Q654130,87823,0.2507,LC,,,Y,,,Y,invasive Lake Victoria,,seed,0.41,1.54,32.58,33.29,7,narrow
136,tree,7961582,Combretum molle,Velvet Bushwillow,species,Combretaceae,AFRICA,gbif majority records,AFRICA:1.00,342738,3010,7165,Combretum molle,Q557135,1786,0.249,LC,,,Y,,,,,,inat_pool,-8.72,-7.6,38.46,41.54,13,narrow
137,tree,8004482,Mallotus repandus,,species,Euphorbiaceae,ASIA,gbif majority records,ASIA:0.95;OCEANIA:0.05,369936,4589,4824,Mallotus repandus,Q11076094,568,0.238,LC,,,Y,,,,,,inat_pool,22.54,25.1,120.19,121.53,23,narrow
138,mammal,5219532,Pongo pygmaeus,Bornean Orangutan,species,Hominidae,ASIA,gbif majority records,ASIA:0.99,43582,3567,2628,Bornean orangutan,Q599672,157607,0.2362,CR,Y,,,,,,,,inat_pool,-2.85,5.95,110.27,118.3,25,threatened_CR
139,bird,9487001,Gyps africanus,White-backed Vulture,species,Accipitridae,AFRICA,gbif majority records,AFRICA:1.00,5363,9112,146919,White-backed vulture,Q281874,33811,0.2344,CR,Y,,,,,,,,inat_pool,-28.24,2.27,17.37,36.62,90,threatened_CR
140,crop,2705957,Eleusine coracana,Finger Millet,species,Poaceae,AFRICA,manual (native/origin),AFRICA:0.83;ASIA:0.15,76789,227,7794,Finger millet,Q932258,90601,0.2334,NE,,,Y,,,,cultivated; cereal,,seed,-1.25,0.98,29.78,31.53,16,narrow
141,tree,5357677,Inga edulis,Ice-cream-bean,species,Fabaceae,SOUTH_AMERICA,manual (native/origin),SOUTH_AMERICA:0.93;NORTH_AMERICA:0.04,209926,3562,7184,Inga edulis,Q138183,,0.2322,LC,,,Y,,,,,,seed,6.83,6.83,-73.37,-73.37,6,narrow
142,tree,2874928,Nothofagus cunninghamii,Myrtle Beech,species,Nothofagaceae,OCEANIA,gbif majority records,OCEANIA:1.00,83836,2712,9698,Nothofagus cunninghamii,Q2604825,,0.2297,VU,Y,,,,,,,,inat_pool,-43.23,-37.71,143.71,147.23,34,threatened_VU
143,tree,5293403,Euterpe edulis,,species,Arecaceae,SOUTH_AMERICA,gbif majority records,SOUTH_AMERICA:1.00,155135,1692,5035,Euterpe edulis,Q311356,4507,0.2286,LC,,,Y,,,,,,inat_pool,-23.37,-23.33,-45.08,-45.07,1,narrow
144,insect_arachnid,1650158,Anopheles funestus,Perennial Malaria Mosquito,species,Culicidae,AFRICA,gbif majority records,AFRICA:1.00,650009,0,27125,Anopheles funestus,Q13853899,1345,0.2263,NE,,,Y,,,,disease vector,Y,seed,-9.07,-8.48,36.69,36.84,3,narrow
145,tree,8053189,Ficus ampelos,King's Fig,species,Moraceae,ASIA,gbif majority records,ASIA:0.86;AFRICA:0.13,578174,4087,4249,Ficus ampelos,Q21269530,563,0.2244,LC,,,Y,,,,,,inat_pool,22.66,25.08,120.48,121.76,22,narrow
146,tree,2972915,Albizia adianthifolia,Flat-crown,species,Fabaceae,AFRICA,gbif majority records,AFRICA:1.00,128969,1909,5649,Albizia adianthifolia,Q2720950,2403,0.2197,LC,,,Y,,,,,,inat_pool,6.59,7.41,2.4,2.74,8,narrow
147,bird,2490717,Turdus fuscater,Great Thrush,species,Turdidae,SOUTH_AMERICA,gbif majority records,SOUTH_AMERICA:1.00,12781,13015,315618,Great thrush,Q1067396,4488,0.2145,LC,,,Y,,,,,,inat_pool,4.6,5.65,-75.76,-74.04,8,narrow
148,tree,7287547,Grevillea sericea,Pink Spider Flower,species,Proteaceae,OCEANIA,gbif majority records,OCEANIA:1.00,321123,3076,5581,Grevillea sericea,Q2712392,,0.2113,LC,,,Y,,,,,,inat_pool,-34.07,-32.24,149.79,151.56,9,narrow
149,tree,7287760,Grevillea buxifolia,Grey Spider Flower,species,Proteaceae,OCEANIA,gbif majority records,OCEANIA:1.00,83382,2797,5023,Grevillea buxifolia,Q2709178,1117,0.2108,LC,,,Y,,,,,,inat_pool,-34.03,-33.35,150.73,151.3,10,narrow
150,tree,7269222,Zanthoxylum rhoifolium,Tambataru,species,Rutaceae,SOUTH_AMERICA,gbif majority records,SOUTH_AMERICA:0.98,281420,1587,10441,Zanthoxylum rhoifolium,Q8066286,770,0.2046,LC,,,Y,,,,,,inat_pool,6.74,7.1,-75.86,-75.67,2,narrow
151,tree,7262728,Ficus virgata,figwood,species,Moraceae,ASIA,gbif majority records,ASIA:0.85;OCEANIA:0.15,740778,3821,3412,Ficus virgata,Q11048727,613,0.2038,LC,,,Y,,,,,,inat_pool,22.66,25.15,120.55,123.7,24,narrow
152,tree,3054364,Juglans neotropica,Andean Walnut,species,Juglandaceae,SOUTH_AMERICA,gbif majority records,SOUTH_AMERICA:1.00,327755,1636,4257,Juglans neotropica,Q6304900,3031,0.1991,EN,Y,,Y,,,,,,inat_pool,4.67,4.72,-74.1,-74.08,1,threatened_EN;narrow
153,herp,8683892,Bradypodion pumilum,Cape Dwarf Chameleon,species,Chamaeleonidae,AFRICA,gbif majority records,AFRICA:1.00,32954,7763,6068,Cape dwarf chameleon,Q1106956,4687,0.1951,NT,,,Y,,,,,,inat_pool,-34.35,-33.86,18.36,19.01,7,narrow
154,wild_plant,8151301,Ixeris chinensis,Yellow bristle-hair ixeris,species,Asteraceae,ASIA,gbif majority records,ASIA:1.00,344578,10557,10090,,,,0.1798,NE,,,Y,,,,,,inat_pool,22.62,26.16,120.18,121.75,33,narrow
155,mammal,2436612,Macaca radiata,Bonnet Macaque,species,Cercopithecidae,ASIA,gbif majority records,ASIA:1.00,43448,4640,4211,Bonnet macaque,Q520949,35772,0.1793,VU,Y,,,,,,,,inat_pool,9.57,19.03,72.94,80.23,74,threatened_VU
156,fish,2351211,Coregonus lavaretus,Common Whitefish,species,Salmonidae,EUROPE,manual (native/origin),EUROPE:1.00,98461,94,30809,Coregonus lavaretus,Q743084,19205,0.1727,VU,Y,,,,,,,,seed,62.02,69.44,24.14,33.18,33,threatened_VU
157,tree,3768564,Acer serrulatum,Green Maple,species,Sapindaceae,ASIA,gbif majority records,ASIA:0.98,704074,3744,1369,Acer oliverianum,Q3205552,1890,0.1689,LC,,,Y,,,,,,inat_pool,22.42,25.15,120.61,121.74,24,narrow
158,tree,5571505,Ficus benguetensis,Milk Tree,species,Moraceae,ASIA,gbif majority records,ASIA:1.00,1039500,3361,2520,Ficus benguetensis,Q11177655,507,0.1684,LC,,,Y,,,,,,inat_pool,22.89,25.15,120.61,121.89,18,narrow
159,tree,3022290,Prunus phaeosticta,Dark spotted cherry,species,Rosaceae,ASIA,gbif majority records,ASIA:1.00,425425,2377,3790,Prunus phaeosticta,Q11179121,362,0.1667,LC,,,Y,,,,,,inat_pool,22.41,25.18,120.7,121.81,18,narrow
160,tree,2687186,Tsuga chinensis,Chinese hemlock,species,Pinaceae,ASIA,gbif majority records,ASIA:0.99,120847,1683,3429,Tsuga chinensis,Q1073911,1983,0.1659,LC,,,Y,,,,,,inat_pool,23.26,24.73,120.76,121.35,10,narrow
161,bird,5228474,Colibri coruscans,Sparkling Violetear,species,Trochilidae,SOUTH_AMERICA,gbif majority records,SOUTH_AMERICA:1.00,6072,10135,239285,Sparkling violetear,Q929489,4195,0.1557,LC,,,Y,,,,,,inat_pool,4.58,4.8,-74.16,-74.04,1,narrow
162,wild_plant,7268508,Pelargonium cucullatum,wild mallow,species,Geraniaceae,AFRICA,gbif majority records,AFRICA:0.99,119546,7712,5638,Pelargonium cucullatum,Q3898876,2840,0.1514,NE,,,Y,,,,,,inat_pool,-34.39,-33.93,18.33,19.25,8,narrow
163,herp,8682680,Gallotia galloti,Tenerife Lizard,species,Lacertidae,AFRICA,gbif majority records,AFRICA:0.52;EUROPE:0.48,35995,7082,10135,Gallotia galloti,Q739178,,0.1514,LC,,,Y,,,,,,inat_pool,28.04,28.77,-17.94,-16.22,5,narrow
164,mammal,2436535,Trachypithecus obscurus,Dusky Leaf Monkey,species,Cercopithecidae,,gbif majority records,,43494,5195,0,Dusky leaf monkey,Q1144328,31852,0.1505,EN,Y,,Y,,,,,,inat_pool,,,,,,threatened_EN;narrow;no_region;no_records
165,mammal,2440162,Thylogale billardierii,Rufous-bellied Pademelon,species,Macropodidae,OCEANIA,gbif majority records,OCEANIA:1.00,42970,4349,9347,Tasmanian pademelon,Q209291,,0.1494,LC,,,Y,,,,,,inat_pool,-43.38,-41.08,145.9,148.07,28,narrow
166,mammal,5787249,Lutra perspicillata,Smooth-coated Otter,species,Mustelidae,ASIA,gbif majority records,ASIA:1.00,1638842,3535,2206,Smooth-coated otter,Q754737,44245,0.145,VU,Y,,,,,,,,inat_pool,1.21,16.56,77.67,103.99,47,threatened_VU
167,tree,7327928,Rhododendron pseudochrysanthum,false-gold-flower rhododendron,species,Ericaceae,ASIA,gbif majority records,ASIA:0.99,524497,2402,1810,Rhododendron pseudochrysanthum,Q15233593,1012,0.1307,NE,,,Y,,,,,,inat_pool,23.25,25.09,120.81,121.86,10,narrow
168,crop,2803398,Vanilla planifolia,Flat-leaved Vanilla,species,Orchidaceae,NORTH_AMERICA,manual (native/origin),NORTH_AMERICA:0.45;AFRICA:0.34;SOUTH_AMERICA:0.15;OCEANIA:0.03,61393,1735,1597,Vanilla planifolia,Q7224923,58620,0.1306,EN,Y,,,,,,cultivated; spice,,seed,-16.5,22.88,-97.55,109.58,135,threatened_EN
169,bird,2493633,Taeniopygia guttata,Zebra Finch,species,Estrildidae,OCEANIA,gbif majority records,OCEANIA:0.99,14110,5603,221688,Sunda zebra finch,Q331065,9302,0.128,LC,,,,,Y,,,,inat_pool,-32.51,-19.75,113.86,150.3,93,domestic
170,mammal,2436346,Myrmecophaga tridactyla,Giant Anteater,species,Myrmecophagidae,SOUTH_AMERICA,gbif majority records,SOUTH_AMERICA:1.00,47107,3341,10847,Giant anteater,Q203033,,0.1271,VU,Y,,,,,,,,inat_pool,-20.73,9.71,-74.09,-46.89,89,threatened_VU
171,wild_plant,7915507,Protea nitida,Wagon Tree,species,Proteaceae,AFRICA,gbif majority records,AFRICA:1.00,515952,6266,5565,Protea nitida,Q2157041,1680,0.1181,LC,,,Y,,,,,,inat_pool,-34.16,-32.75,18.37,19.72,26,narrow
172,tree,4936879,Rhododendron oldhamii,Taiwan azalea,species,Ericaceae,ASIA,gbif majority records,ASIA:1.00,602160,2350,1900,Rhododendron oldhamii,Q15248184,409,0.1173,NE,,,Y,,,,,,inat_pool,23.47,25.19,120.81,121.81,14,narrow
173,wild_plant,3627834,Oxalis obtusa,yelloweye woodsorrel,species,Oxalidaceae,AFRICA,gbif majority records,AFRICA:0.99,119468,7286,6132,Oxalis obtusa,Q15347576,534,0.116,NE,,,Y,,,,,,inat_pool,-34.33,-30.38,17.98,21.38,52,narrow
174,tree,5333184,Castanopsis carlesii,,species,Fagaceae,ASIA,gbif majority records,ASIA:1.00,556549,1682,2858,,,,0.1145,LC,,,Y,,,,,,inat_pool,22.25,25.13,120.77,121.71,19,narrow
175,wild_plant,7657369,Erica plukenetii,Hangertjies,species,Ericaceae,AFRICA,gbif majority records,AFRICA:1.00,525264,7836,5970,Erica plukenetii,Q5387951,497,0.1137,NE,,,Y,,,,,,inat_pool,-34.67,-33.67,18.39,20.03,18,narrow
176,tree,5355731,Millettia pachycarpa,Trifloiate jewel vine,species,Fabaceae,ASIA,gbif majority records,ASIA:1.00,559362,2159,1831,Derris taiwaniana,Q122680223,679,0.1124,LC,,,Y,,,,,,inat_pool,23.15,25.09,120.5,121.71,21,narrow
177,wild_plant,9492520,Pelargonium triste,Night-scented Pelargonium,species,Geraniaceae,AFRICA,gbif majority records,AFRICA:1.00,119327,5603,4729,Pelargonium triste,Q10543296,1884,0.1084,NE,,,Y,,,,,,inat_pool,-34.42,-32.81,18.24,19.63,25,narrow
178,wild_plant,8349333,Mimetes cucullatus,Common Pagoda,species,Proteaceae,AFRICA,gbif majority records,AFRICA:1.00,532040,5921,4897,Mimetes cucullatus,Q5552792,1241,0.1014,LC,,,Y,,,,,,inat_pool,-34.59,-33.89,18.82,22.02,17,narrow
179,wild_plant,5637380,Leucadendron xanthoconus,Sickleleaf Conebush,species,Proteaceae,AFRICA,gbif majority records,AFRICA:1.00,521000,6723,5981,Leucadendron xanthoconus,Q15583302,372,0.0994,LC,,,Y,,,,,,inat_pool,-34.58,-34.0,18.4,19.85,10,narrow
180,bird,2495688,Streptopelia roseogrisea,African Collared-Dove,species,Columbidae,NORTH_AMERICA,gbif majority records,NORTH_AMERICA:0.42;OCEANIA:0.29;AFRICA:0.20;ASIA:0.06;EUROPE:0.03,2966,2081,30045,African collared dove,Q921348,11068,0.0891,LC,,,,,Y,,,,inat_pool,-37.06,33.58,-97.1,174.88,80,domestic
181,tree,7315701,Ilex canariensis,Small-leaved holly,species,Aquifoliaceae,AFRICA,gbif majority records,AFRICA:0.92;EUROPE:0.08,193676,1135,1361,Ilex canariensis,Q3315524,2194,0.0838,LC,,,Y,,,,,,inat_pool,27.74,31.56,-18.01,-15.58,15,narrow
182,mammal,2436611,Macaca nemestrina,Southern Pig-tailed Macaque,species,Cercopithecidae,ASIA,gbif majority records,ASIA:0.99,43455,2747,2506,Southern pig-tailed macaque,Q618026,30280,0.0837,EN,Y,,,,,,,,inat_pool,-2.42,12.31,98.56,118.68,61,threatened_EN
183,bird,6065823,Chroicocephalus maculipennis,Brown-hooded Gull,species,Laridae,SOUTH_AMERICA,gbif majority records,SOUTH_AMERICA:1.00,144504,7867,186813,Brown-hooded gull,Q1268078,2744,0.0805,NE,,,,Y,,,,,inat_pool,-54.81,-32.88,-73.68,-54.57,84,marine
184,tree,4928869,Schinus latifolia,chilean pepper tree,species,Anacardiaceae,SOUTH_AMERICA,gbif majority records,SOUTH_AMERICA:0.98,1117845,1600,1251,Schinus latifolia,Q15545262,829,0.0712,NE,,,Y,,,,,,inat_pool,-33.81,-30.68,-71.68,-70.9,29,narrow
185,mammal,2436613,Macaca sinica,Toque Macaque,species,Cercopithecidae,ASIA,gbif majority records,ASIA:1.00,43456,2922,2264,Toque macaque,Q669594,15747,0.0645,EN,Y,,Y,,,,,,inat_pool,6.15,8.35,80.11,81.38,26,threatened_EN;narrow
186,crop,2891785,Macadamia integrifolia,Macadamia Tree,species,Proteaceae,OCEANIA,manual (native/origin),OCEANIA:0.81;NORTH_AMERICA:0.07;SOUTH_AMERICA:0.06;AFRICA:0.05,287245,1701,954,Macadamia integrifolia,Q311178,10195,0.0592,VU,Y,,,,,,cultivated; nut,,seed,-36.88,28.31,-117.33,167.95,71,threatened_VU
187,tree,3767931,Acer morrisonense,Taiwan Red Maple,species,Sapindaceae,ASIA,gbif majority records,ASIA:1.00,596530,1591,1100,Acer morrisonense,Q6845766,475,0.0592,LC,,,Y,,,,,,inat_pool,23.47,24.54,120.81,121.54,10,narrow
188,herp,9011036,Liolaemus pictus,Common Painted Smooth-throated Lizard,species,Liolaemidae,SOUTH_AMERICA,gbif majority records,SOUTH_AMERICA:1.00,39143,3001,2774,Liolaemus pictus,Q2448811,3355,0.0547,LC,,,Y,,,,,,inat_pool,-42.62,-38.67,-73.75,-71.39,42,narrow
189,wild_plant,7282630,Trichocereus chiloensis,Quisco,species,Cactaceae,SOUTH_AMERICA,gbif majority records,SOUTH_AMERICA:1.00,861978,3589,1995,Leucostele chiloensis,Q92389907,1218,0.0511,NE,,,Y,,,,,,inat_pool,-34.28,-30.32,-71.53,-70.35,35,narrow
190,tree,5285968,Podocarpus salignus,willow podocarp,species,Podocarpaceae,SOUTH_AMERICA,gbif majority records,SOUTH_AMERICA:0.95,135647,566,531,Podocarpus salignus,Q5462466,1843,0.0462,VU,Y,,,,,,,,inat_pool,-39.95,-35.46,-73.25,-71.16,45,threatened_VU
191,mammal,2441026,Bos gaurus,Gaur,species,Bovidae,ASIA,gbif majority records,ASIA:1.00,74111,2791,2991,Gaur,Q174296,,0.0401,VU,Y,,,,,,,,inat_pool,9.4,22.34,75.74,101.71,52,threatened_VU
192,tree,8382405,Ceiba trischistandra,,species,Malvaceae,SOUTH_AMERICA,gbif majority records,SOUTH_AMERICA:1.00,601774,1245,727,,,,0.0326,LC,,,Y,,,,,,inat_pool,-4.37,-0.54,-80.77,-79.88,24,narrow
193,wild_plant,3987404,Porlieria chilensis,Chilean guayacan,species,Zygophyllaceae,SOUTH_AMERICA,gbif majority records,SOUTH_AMERICA:1.00,533508,3028,3752,Porlieria chilensis,Q3609454,524,0.0322,VU,Y,,Y,,,,,,inat_pool,-33.44,-30.23,-71.24,-70.5,17,threatened_VU;narrow
194,tree,7600837,Metrosideros angustifolia,Cape lance-leaf,species,Myrtaceae,AFRICA,gbif majority records,AFRICA:1.00,428239,1116,828,Metrosideros angustifolia,Q15091918,420,0.0313,NE,,,Y,,,,,,inat_pool,-34.33,-32.29,18.87,19.55,14,narrow
195,bird,2480514,Aquila rapax,Tawny Eagle,species,Accipitridae,AFRICA,gbif majority records,AFRICA:0.90;ASIA:0.10,5079,6863,97577,Tawny eagle,Q374141,,0.0311,VU,Y,,,,,,,,inat_pool,-27.62,0.57,20.0,37.54,89,threatened_VU
196,tree,2956973,Senna aymara,,species,Fabaceae,SOUTH_AMERICA,gbif majority records,SOUTH_AMERICA:1.00,880810,1309,250,,,,0.028,NE,,,Y,,,,,,inat_pool,-17.81,-16.47,-68.18,-65.33,23,narrow
197,wild_plant,7283981,Corryocactus melanotrichus,,species,Cactaceae,SOUTH_AMERICA,gbif majority records,SOUTH_AMERICA:1.00,438382,4757,1453,Corryocactus melanotrichus,Q1135413,131,0.0276,LC,,,Y,,,,,,inat_pool,-16.65,-16.52,-68.11,-67.98,7,narrow
198,tree,2957266,Senna candolleana,Golden Cassia,species,Fabaceae,SOUTH_AMERICA,gbif majority records,SOUTH_AMERICA:0.99,332567,957,925,,,,0.0271,NE,,,Y,,,,,,inat_pool,-33.47,-30.09,-71.64,-70.72,24,narrow
199,wild_plant,2767059,Agave cordillerensis,,species,Asparagaceae,SOUTH_AMERICA,gbif majority records,SOUTH_AMERICA:1.00,1155386,3378,2304,,,,0.0192,NE,,,Y,,,,,,inat_pool,-0.92,0.35,-78.57,-78.13,16,narrow
