spcd,species,scenario,threshold,cells_now,cells_future,km,bearing,north,east,edge_hi_km,edge_lo_km,area_change,centroid_now_lat,centroid_now_lon,centroid_future_lat,centroid_future_lon
318,Acer saccharum,SSP2-45,1.0,5563,7910,537.9642859262628,339.50389908768216,503.909005186823,-188.36477224730825,651.8496329465643,272.1956498881107,0.42189466115405355,42.800368750614574,-82.27323431248125,47.30633991106873,-84.76929653377515
318,Acer saccharum,SSP2-45,5.0,4154,4749,575.2243411452475,359.87444636907406,575.2229600603553,-1.26050203769694,622.1431781462134,446.56807238111276,0.1432354357246028,42.78218256172464,-81.67301017896551,47.95527860563557,-81.6899138368498
318,Acer saccharum,SSP5-85,1.0,5563,9310,840.2396190938164,347.4539867267178,820.1762710200925,-182.51986727613348,1079.819204255127,449.40451750179267,0.6735574330397268,42.800368750614574,-82.27323431248125,50.15035969063138,-84.8283065466276
318,Acer saccharum,SSP5-85,5.0,4154,6454,894.1057319093281,358.1104161145697,893.6195412530833,-29.481779521330424,1047.8471480964017,584.8957663312153,0.5536831969186327,42.78218256172464,-81.67301017896551,50.81799446544166,-82.09129829914131
316,Acer rubrum,SSP2-45,1.0,7824,9484,407.4540583382204,1.6522648499291108,407.28465084416825,11.74831234815809,534.199095075981,-9.575121237694312,0.21216768916155418,39.76992541191757,-83.28550901623788,43.432631262736855,-83.14011448902167
316,Acer rubrum,SSP2-45,5.0,6106,6127,457.5926780396908,27.653888113391588,405.3206976563044,212.38218156649293,403.34088684422676,104.09857099616626,0.003439240091713069,39.67263143549258,-82.33419715583287,43.28914305392067,-79.71156502450532
316,Acer rubrum,SSP5-85,1.0,7824,10282,660.4767585525169,356.1735435887098,659.0043972431246,-44.07667186013269,892.0512900212677,12.235838323428581,0.314161554192229,39.76992541191757,-83.28550901623788,45.69518060464302,-83.85201035186202
316,Acer rubrum,SSP5-85,5.0,6106,6917,753.0734445696291,16.012195196893572,723.8564584802251,207.72924789839402,801.6139282747548,85.09638968684308,0.13282017687520473,39.67263143549258,-82.33419715583287,46.15312796867477,-79.64270020189898
129,Pinus strobus,SSP2-45,1.0,4157,4730,502.762883276777,1.1756354298478868,502.65705102365075,10.315321467849717,419.5112413972002,494.784832222084,0.13783978830887658,43.78974687895484,-81.00956478632652,48.31016389754934,-80.87022947329652
129,Pinus strobus,SSP2-45,5.0,2389,3093,492.7938721897244,30.2328192031394,425.7672670335145,248.1290688141042,395.3262645155477,612.2430570791043,0.2946839681875262,43.73190666660524,-80.8929465379248,47.515425568538966,-77.59043973776032
129,Pinus strobus,SSP5-85,1.0,4157,5057,907.3127590088502,357.5002645092062,906.449381003473,-39.57224202231322,832.0580362544175,806.8410700859346,0.2165022853019004,43.78974687895484,-81.00956478632652,51.94033300298556,-81.58490289128022
129,Pinus strobus,SSP5-85,5.0,2389,3329,811.9363180784311,19.1089522982503,767.1968194049667,265.79997161335825,758.5329902935998,857.4212134776247,0.39347007115948096,43.73190666660524,-80.8929465379248,50.57501721378896,-77.13643704396836
746,Populus tremuloides,SSP2-45,1.0,15730,21280,486.82813633642223,347.5804528188795,475.43585253072945,-104.70140618526847,327.018900048113,280.6205105428331,0.35282898919262556,53.26340538779346,-102.40927513858466,57.52734283303685,-104.16162534221907
746,Populus tremuloides,SSP2-45,5.0,9711,15448,629.7440362746933,334.8164315716715,569.8863129513925,-267.96854579261685,559.3060348498843,382.00281012515194,0.5907733498094944,51.73529212320974,-100.91236033638421,56.78607779340339,-105.30900755784576
746,Populus tremuloides,SSP5-85,1.0,15730,23072,700.7889031594775,354.0865199026958,697.0597288558528,-72.19986979814148,468.8171093443438,448.1730489405017,0.46675143038779404,53.26340538779346,-102.40927513858466,59.52624468611632,-103.68712473845616
746,Populus tremuloides,SSP5-85,5.0,9711,17900,863.2735553968283,342.40051546297803,822.8666450679949,-261.02052770236924,739.0846916333287,574.1147396368694,0.8432705179693132,51.73529212320974,-100.91236033638421,59.0597067015581,-105.46886624555565
802,Quercus alba,SSP2-45,1.0,5645,6872,240.24763498644703,30.149859500058938,207.74565492604654,120.6675970421599,329.61376009117777,-21.006119986614657,0.21736049601417184,37.929482409920595,-85.81540209675046,39.78944690637334,-84.40332642401113
802,Quercus alba,SSP2-45,5.0,3996,3657,301.60745071111637,62.4992168480494,139.27047883680356,267.5271725433249,241.14447389986825,13.159886698960596,-0.08483483483483484,37.459249095210396,-85.81079919334675,38.67200990047416,-82.72884999236078
802,Quercus alba,SSP5-85,1.0,5645,8165,446.9966340957458,14.851032616273699,432.064927375439,114.56827407700008,596.0899703647276,7.136091926343114,0.44641275465013286,37.929482409920595,-85.81540209675046,41.807274638354116,-84.4341271261789
802,Quercus alba,SSP5-85,5.0,3996,3782,520.9649433124023,36.143458125641814,420.70146481011074,307.26983201596875,545.750095130505,36.175026608166604,-0.053553553553553554,37.459249095210396,-85.81079919334675,41.18732880172707,-82.14046279896458
