spcd,species,variant,eligible,perm_p,plots_w1,plots_w2,blocks,t1,t2,km,km_lo,km_hi,bearing,north,north_se,north_lo,north_hi,edge_hi_km,edge_lo_km,area_change,detectable,seedling_adult_north_km,seedling_adult_north_se,seedling_adult_blocks
318,Acer saccharum,all designs,True,0.001996007984031936,13439,12965,1933,1985.0,2019.0,41.65120243146344,20.79913253456568,65.22905046852236,36.05101180194288,33.67472037446891,9.377788304570466,15.184609388247626,54.44168499114851,1.2137855579998535,61.35488290704385,-0.0297029702970297,True,10.017151805522625,6.230113516051917,2212.0
318,Acer saccharum,DESIGNCD 1 only,False,,0,12965,45,1999.0,2018.0,,,,,,,,,,,,False,,,
316,Acer rubrum,all designs,True,0.011976047904191617,25195,28929,1933,1985.0,2019.0,16.830421596086655,5.9730209602289355,29.27109555712882,265.97366371020655,-1.1817480798375164,5.64846071450505,-12.726640811365531,10.02653679521556,3.5954811249637184,1.4300721772002836,0.033783783783783786,False,-5.784710882412294,4.236330023908002,2212.0
316,Acer rubrum,DESIGNCD 1 only,False,,0,28929,45,1999.0,2018.0,,,,,,,,,,,,False,,,
129,Pinus strobus,all designs,True,0.001996007984031936,5778,6710,1933,1985.0,2019.0,54.52505492981343,38.04642663097019,81.84253462168414,224.1769105346755,-39.10490582569951,11.039698024140288,-61.05446806912795,-18.757915424484665,0.0,-51.811717092883185,0.15280898876404495,True,45.21033610523294,11.034123092204787,2212.0
129,Pinus strobus,DESIGNCD 1 only,False,,0,6710,45,1999.0,2018.0,,,,,,,,,,,,False,,,
746,Populus tremuloides,all designs,True,0.3992015968063872,13456,9056,1933,1985.0,2019.0,26.459293229755627,5.896154883324695,85.61359798202503,241.99065013766483,-12.425697953576911,9.141992733454773,-29.628162742210364,3.9251110830036313,1.7697234776701543,-49.821003978665395,-0.02152317880794702,False,13.677317231769186,7.035408570278773,2212.0
746,Populus tremuloides,DESIGNCD 1 only,False,0.8323353293413174,187,8992,45,1999.0,2018.0,26.39494564779953,11.391841207406413,253.619672188005,292.26354733182427,10.000185663235277,96.46629087853412,-171.50458285802497,200.52526055816392,0.8088375870365601,0.0,0.0,False,,,
802,Quercus alba,all designs,True,0.33532934131736525,19727,14769,1933,1985.0,2019.0,11.72729957136059,2.4452187578314377,27.284165433741233,118.04683656903967,-5.514096201156253,7.247384178983092,-18.642025674110062,9.512858601285298,-5.7028437617266095,0.925177871729133,-0.06256742179072276,False,-43.700123290388255,8.485670245246846,2212.0
802,Quercus alba,DESIGNCD 1 only,False,,0,14769,45,1999.0,2018.0,,,,,,,,,,,,False,,,
