state,ok,why,first,last,t1,t2,plots
AL,True,,4,11,1971.0,2022.0,7378
AR,True,,5,12,1978.0,2023.0,6621
AZ,True,,1,4,1985.0,2016.0,5488
CA,True,,0,7,1993.0,2023.0,5741
CO,True,,1,3,1983.0,2017.0,5052
CT,True,,3,8,1984.0,2022.0,602
DE,True,,3,7,1985.0,2017.0,284
FL,True,,4,11,1969.0,2023.0,7953
GA,True,,4,12,1971.0,2023.0,11127
IA,True,,3,8,1988.0,2023.0,1236
ID,True,,1,3,1992.0,2018.0,7315
IL,True,,3,8,1984.0,2020.0,2232
IN,True,,3,8,1986.0,2017.0,3156
KS,True,,3,8,1980.0,2020.0,1658
KY,True,,4,8,1987.0,2019.0,4404
LA,True,,4,9,1973.0,2020.0,5122
MA,True,,3,8,1984.0,2023.0,911
MD,True,,4,8,1985.0,2017.0,1150
ME,True,,4,9,1995.0,2021.0,5858
MI,True,,4,9,1979.0,2018.0,12771
MN,True,,4,16,1977.0,2021.0,16262
MO,True,,4,8,1988.0,2017.0,8244
MS,True,,5,10,1977.0,2018.0,6799
MT,True,,1,3,1990.0,2018.0,8137
NC,True,,4,10,1974.0,2018.0,8735
ND,True,,2,7,1979.0,2020.0,444
NE,True,,2,7,1981.0,2020.0,552
NH,True,,4,9,1982.0,2022.0,1536
NJ,True,,3,8,1986.0,2022.0,925
NM,True,,1,4,1987.0,2018.0,4261
NV,True,,1,3,1982.0,2019.0,3616
NY,True,,4,8,1992.0,2022.0,5806
OH,True,,4,8,1991.0,2021.0,3227
OK,True,,1,10,1988.0,2023.0,1385
OR,True,,0,7,1999.0,2022.0,4530
PA,True,,4,8,1989.0,2018.0,6133
RI,True,,3,8,1984.0,2022.0,245
SC,True,,4,12,1967.0,2019.0,7013
SD,True,,3,8,1980.0,2020.0,743
TN,True,,4,10,1979.0,2019.0,5081
TX,False,interval 12 y < 15,1,11,2009.0,2021.0,0
UT,True,,1,3,1996.0,2014.0,5861
VA,True,,4,11,1976.0,2020.0,7551
VT,True,,4,9,1982.0,2022.0,1464
WA,True,,0,6,2001.0,2016.0,4740
WI,True,,4,9,1982.0,2018.0,13525
WV,True,,4,8,1988.0,2017.0,4666
WY,True,,1,3,1983.0,2015.0,2427
